run_id,model,tool,config,model_params,duration,success,accuracy,precision,recall,f1_score
1,lstm,electric_screwdriver,"{'batch_size': 16, 'epochs': 30, 'learning_rate': 0.0001, 'data_ratio': 1, 'semi_supervised': {'active': True, 'strategy': 'contrastive', 'labelled_ratio': 0.25, 'temperature': 0.5}, 'data_balancing': ['focal_loss'], 'l1_lambda': 0.1, 'gradient_clip': 0.5, 'model_params': {'tcn': {'num_channels': [64, 128, 64], 'kernel_size': 5, 'dropout': 0.3}, 'lstm': {'hidden_size': 32, 'num_layers': 1, 'dropout': 0.1}}, 'focal_loss_gamma': np.float64(2.0)}","{'hidden_size': 32, 'num_layers': 1, 'dropout': 0.1}",76.16199564933777,True,0.3296,0.1706,0.3483,0.2045
2,lstm,electric_screwdriver,"{'batch_size': 16, 'epochs': 50, 'learning_rate': 0.0001, 'data_ratio': 1, 'semi_supervised': {'active': True, 'strategy': 'mean_teacher', 'labelled_ratio': 0.1, 'alpha': 0.99, 'lambda_consistency': 1.0}, 'data_balancing': ['augment'], 'l1_lambda': 0.1, 'gradient_clip': 0.5, 'model_params': {'tcn': {'num_channels': [64, 128, 64], 'kernel_size': 5, 'dropout': 0.3}, 'lstm': {'hidden_size': 32, 'num_layers': 1, 'dropout': 0.1}}}","{'hidden_size': 32, 'num_layers': 1, 'dropout': 0.1}",36.80569052696228,True,0.176,0.0251,0.1429,0.0428
5,lstm,electric_screwdriver,"{'batch_size': 16, 'epochs': 30, 'learning_rate': 0.0005, 'data_ratio': 1, 'semi_supervised': {'active': True, 'strategy': 'mean_teacher', 'labelled_ratio': 0.1, 'alpha': 0.99, 'lambda_consistency': 1.0}, 'data_balancing': ['augment'], 'l1_lambda': 0.1, 'gradient_clip': 0.5, 'model_params': {'tcn': {'num_channels': [64, 128, 64], 'kernel_size': 5, 'dropout': 0.3}, 'lstm': {'hidden_size': 32, 'num_layers': 1, 'dropout': 0.1}}}","{'hidden_size': 32, 'num_layers': 1, 'dropout': 0.1}",41.80083250999451,True,0.176,0.0251,0.1429,0.0428
6,lstm,electric_screwdriver,"{'batch_size': 16, 'epochs': 50, 'learning_rate': 0.0005, 'data_ratio': 1, 'semi_supervised': {'active': True, 'strategy': 'contrastive', 'labelled_ratio': 0.25, 'temperature': 0.5}, 'data_balancing': ['oversample', 'augment'], 'l1_lambda': 0.1, 'gradient_clip': 0.5, 'model_params': {'tcn': {'num_channels': [64, 128, 64], 'kernel_size': 5, 'dropout': 0.3}, 'lstm': {'hidden_size': 32, 'num_layers': 1, 'dropout': 0.1}}}","{'hidden_size': 32, 'num_layers': 1, 'dropout': 0.1}",212.17944812774658,True,0.7004,0.6579,0.7234,0.6569
8,lstm,electric_screwdriver,"{'batch_size': 32, 'epochs': 50, 'learning_rate': 0.0005, 'data_ratio': 1, 'semi_supervised': {'active': True, 'strategy': 'contrastive', 'labelled_ratio': 0.1, 'temperature': 0.3}, 'data_balancing': ['focal_loss', 'weighted_sampling'], 'l1_lambda': 0.1, 'gradient_clip': 0.5, 'model_params': {'tcn': {'num_channels': [64, 128, 64], 'kernel_size': 5, 'dropout': 0.3}, 'lstm': {'hidden_size': 32, 'num_layers': 1, 'dropout': 0.1}}, 'focal_loss_gamma': np.float64(2.0)}","{'hidden_size': 32, 'num_layers': 1, 'dropout': 0.1}",65.76196813583374,True,0.1236,0.1899,0.2649,0.1743
9,lstm,electric_screwdriver,"{'batch_size': 16, 'epochs': 30, 'learning_rate': 0.001, 'data_ratio': 1, 'semi_supervised': {'active': True, 'strategy': 'pseudo_labeling', 'labelled_ratio': 0.1, 'threshold': 0.8}, 'data_balancing': ['oversample', 'augment'], 'l1_lambda': 0.1, 'gradient_clip': 0.5, 'model_params': {'tcn': {'num_channels': [64, 128, 64], 'kernel_size': 5, 'dropout': 0.3}, 'lstm': {'hidden_size': 32, 'num_layers': 1, 'dropout': 0.1}}}","{'hidden_size': 32, 'num_layers': 1, 'dropout': 0.1}",71.13698077201843,True,0.6367,0.5438,0.587,0.5105
10,lstm,electric_screwdriver,"{'batch_size': 16, 'epochs': 50, 'learning_rate': 0.001, 'data_ratio': 1, 'semi_supervised': {'active': True, 'strategy': 'pseudo_labeling', 'labelled_ratio': 0.1, 'threshold': 0.8}, 'data_balancing': ['resample'], 'l1_lambda': 0.1, 'gradient_clip': 0.5, 'model_params': {'tcn': {'num_channels': [64, 128, 64], 'kernel_size': 5, 'dropout': 0.3}, 'lstm': {'hidden_size': 32, 'num_layers': 1, 'dropout': 0.1}}}","{'hidden_size': 32, 'num_layers': 1, 'dropout': 0.1}",44.62955975532532,True,0.2285,0.2162,0.2237,0.1725
12,lstm,electric_screwdriver,"{'batch_size': 16, 'epochs': 100, 'learning_rate': 0.0005, 'data_ratio': 1, 'semi_supervised': {'active': True, 'strategy': 'pseudo_labeling', 'labelled_ratio': 0.1, 'threshold': 0.8}, 'data_balancing': ['resample'], 'l1_lambda': 0.1, 'gradient_clip': 5.0, 'model_params': {'tcn': {'num_channels': [64, 128, 64], 'kernel_size': 5, 'dropout': 0.3}, 'lstm': {'hidden_size': 32, 'num_layers': 1, 'dropout': 0.1}}}","{'hidden_size': 32, 'num_layers': 1, 'dropout': 0.2}",52.488035440444946,True,0.2659,0.2741,0.2884,0.1922
14,lstm,electric_screwdriver,"{'batch_size': 64, 'epochs': 100, 'learning_rate': 0.001, 'data_ratio': 1, 'semi_supervised': {'active': True, 'strategy': 'pseudo_labeling', 'labelled_ratio': 0.25, 'threshold': 0.9}, 'data_balancing': ['oversample', 'augment'], 'l1_lambda': 0.5, 'gradient_clip': 0.5, 'model_params': {'tcn': {'num_channels': [64, 128, 64], 'kernel_size': 5, 'dropout': 0.3}, 'lstm': {'hidden_size': 32, 'num_layers': 1, 'dropout': 0.1}}}","{'hidden_size': 32, 'num_layers': 2, 'dropout': 0.1}",248.17508840560913,True,0.7041,0.6775,0.741,0.6596
16,lstm,electric_screwdriver,"{'batch_size': 16, 'epochs': 75, 'learning_rate': 0.0005, 'data_ratio': 1, 'semi_supervised': {'active': True, 'strategy': 'contrastive', 'labelled_ratio': 0.1, 'temperature': 0.3}, 'data_balancing': ['augment'], 'l1_lambda': 0.5, 'gradient_clip': 5.0, 'model_params': {'tcn': {'num_channels': [64, 128, 64], 'kernel_size': 5, 'dropout': 0.3}, 'lstm': {'hidden_size': 32, 'num_layers': 1, 'dropout': 0.1}}}","{'hidden_size': 64, 'num_layers': 2, 'dropout': 0.1}",103.65877318382263,True,0.6891,0.4428,0.5498,0.4665
17,lstm,electric_screwdriver,"{'batch_size': 16, 'epochs': 100, 'learning_rate': 0.001, 'data_ratio': 1, 'semi_supervised': {'active': True, 'strategy': 'pseudo_labeling', 'labelled_ratio': 0.1, 'threshold': 0.8}, 'data_balancing': ['focal_loss'], 'l1_lambda': 0.1, 'gradient_clip': 1.0, 'model_params': {'tcn': {'num_channels': [64, 128, 64], 'kernel_size': 5, 'dropout': 0.3}, 'lstm': {'hidden_size': 32, 'num_layers': 1, 'dropout': 0.1}}, 'focal_loss_gamma': np.float64(2.5)}","{'hidden_size': 128, 'num_layers': 2, 'dropout': 0.2}",61.207098960876465,True,0.4831,0.4532,0.5401,0.402
18,lstm,electric_screwdriver,"{'batch_size': 64, 'epochs': 20, 'learning_rate': 0.0005, 'data_ratio': 1, 'semi_supervised': {'active': True, 'strategy': 'pseudo_labeling', 'labelled_ratio': 0.1, 'threshold': 0.8}, 'data_balancing': ['augment'], 'l1_lambda': 0.1, 'gradient_clip': 0.5, 'model_params': {'tcn': {'num_channels': [64, 128, 64], 'kernel_size': 5, 'dropout': 0.3}, 'lstm': {'hidden_size': 32, 'num_layers': 1, 'dropout': 0.1}}}","{'hidden_size': 256, 'num_layers': 2, 'dropout': 0.5}",38.983834743499756,True,0.4494,0.0642,0.1429,0.0886
19,lstm,electric_screwdriver,"{'batch_size': 64, 'epochs': 30, 'learning_rate': 0.005, 'data_ratio': 1, 'semi_supervised': {'active': True, 'strategy': 'contrastive', 'labelled_ratio': 0.1, 'temperature': 0.3}, 'data_balancing': ['oversample', 'augment'], 'l1_lambda': 1.0, 'gradient_clip': 5.0, 'model_params': {'tcn': {'num_channels': [64, 128, 64], 'kernel_size': 5, 'dropout': 0.3}, 'lstm': {'hidden_size': 32, 'num_layers': 1, 'dropout': 0.1}}}","{'hidden_size': 128, 'num_layers': 1, 'dropout': 0.2}",111.73645329475403,True,0.5468,0.5309,0.6274,0.4825
20,lstm,electric_screwdriver,"{'batch_size': 64, 'epochs': 100, 'learning_rate': 0.005, 'data_ratio': 1, 'semi_supervised': {'active': True, 'strategy': 'contrastive', 'labelled_ratio': 0.1, 'temperature': 0.3}, 'data_balancing': ['augment'], 'l1_lambda': 1.0, 'gradient_clip': 5.0, 'model_params': {'tcn': {'num_channels': [64, 128, 64], 'kernel_size': 5, 'dropout': 0.3}, 'lstm': {'hidden_size': 32, 'num_layers': 1, 'dropout': 0.1}}}","{'hidden_size': 128, 'num_layers': 1, 'dropout': 0.2}",79.55620789527893,True,0.5431,0.2952,0.5147,0.3242
21,lstm,electric_screwdriver,"{'batch_size': 64, 'epochs': 50, 'learning_rate': 0.001, 'data_ratio': 1, 'semi_supervised': {'active': True, 'strategy': 'contrastive', 'labelled_ratio': 0.25, 'temperature': 0.5}, 'data_balancing': ['weighted_sampling'], 'l1_lambda': 0.1, 'gradient_clip': 0.5, 'model_params': {'tcn': {'num_channels': [64, 128, 64], 'kernel_size': 5, 'dropout': 0.3}, 'lstm': {'hidden_size': 32, 'num_layers': 1, 'dropout': 0.1}}}","{'hidden_size': 64, 'num_layers': 2, 'dropout': 0.3}",63.586583375930786,True,0.6217,0.4934,0.5478,0.5002
25,lstm,electric_screwdriver,"{'batch_size': 32, 'epochs': 75, 'learning_rate': 0.0005, 'data_ratio': 1, 'semi_supervised': {'active': True, 'strategy': 'contrastive', 'labelled_ratio': 0.25, 'temperature': 0.5}, 'data_balancing': ['oversample', 'augment'], 'l1_lambda': 0.1, 'gradient_clip': 0.5, 'model_params': {'tcn': {'num_channels': [64, 128, 64], 'kernel_size': 5, 'dropout': 0.3}, 'lstm': {'hidden_size': 32, 'num_layers': 1, 'dropout': 0.1}}}","{'hidden_size': 128, 'num_layers': 2, 'dropout': 0.2}",170.36660623550415,True,0.6929,0.6574,0.7432,0.5648
27,lstm,electric_screwdriver,"{'batch_size': 64, 'epochs': 50, 'learning_rate': 0.001, 'data_ratio': 1, 'semi_supervised': {'active': True, 'strategy': 'contrastive', 'labelled_ratio': 0.25, 'temperature': 0.5}, 'data_balancing': ['focal_loss', 'weighted_sampling'], 'l1_lambda': 0.1, 'gradient_clip': 0.5, 'model_params': {'tcn': {'num_channels': [64, 128, 64], 'kernel_size': 5, 'dropout': 0.3}, 'lstm': {'hidden_size': 32, 'num_layers': 1, 'dropout': 0.1}}}","{'hidden_size': 256, 'num_layers': 1, 'dropout': 0.4}",65.90636444091797,True,0.1086,0.2256,0.3926,0.2613
28,lstm,electric_screwdriver,"{'batch_size': 32, 'epochs': 75, 'learning_rate': 0.0005, 'data_ratio': 1, 'semi_supervised': {'active': True, 'strategy': 'contrastive', 'labelled_ratio': 0.25, 'temperature': 0.5}, 'data_balancing': ['oversample', 'augment'], 'l1_lambda': 0.1, 'gradient_clip': 0.5, 'model_params': {'tcn': {'num_channels': [64, 128, 64], 'kernel_size': 5, 'dropout': 0.3}, 'lstm': {'hidden_size': 32, 'num_layers': 1, 'dropout': 0.1}}}","{'hidden_size': 256, 'num_layers': 1, 'dropout': 0.4}",168.4506094455719,True,0.7041,0.7176,0.8299,0.7258
29,lstm,electric_screwdriver,"{'batch_size': 128, 'epochs': 30, 'learning_rate': 0.002, 'data_ratio': 1, 'semi_supervised': {'active': True, 'strategy': 'contrastive', 'labelled_ratio': 0.25, 'temperature': 0.5}, 'data_balancing': ['oversample', 'augment'], 'l1_lambda': 0.1, 'gradient_clip': 0.5, 'model_params': {'tcn': {'num_channels': [64, 128, 64], 'kernel_size': 5, 'dropout': 0.3}, 'lstm': {'hidden_size': 32, 'num_layers': 1, 'dropout': 0.1}}}","{'hidden_size': 256, 'num_layers': 1, 'dropout': 0.4}",109.77627849578857,True,0.6217,0.5677,0.636,0.564
31,lstm,pneumatic_rivet_gun,"{'batch_size': 16, 'epochs': 30, 'learning_rate': 0.0001, 'data_ratio': 1, 'semi_supervised': {'active': True, 'strategy': 'mean_teacher', 'labelled_ratio': 0.1, 'alpha': 0.99, 'lambda_consistency': 1.0}, 'data_balancing': ['oversample'], 'l1_lambda': 0.1, 'gradient_clip': 0.5, 'model_params': {'tcn': {'num_channels': [64, 128, 64], 'kernel_size': 5, 'dropout': 0.3}, 'lstm': {'hidden_size': 32, 'num_layers': 1, 'dropout': 0.1}}}","{'hidden_size': 32, 'num_layers': 1, 'dropout': 0.1}",47.86375546455383,True,0.0417,0.0139,0.3333,0.0267
32,lstm,pneumatic_rivet_gun,"{'batch_size': 16, 'epochs': 50, 'learning_rate': 0.0001, 'data_ratio': 1, 'semi_supervised': {'active': True, 'strategy': 'mean_teacher', 'labelled_ratio': 0.1, 'alpha': 0.99, 'lambda_consistency': 1.0}, 'data_balancing': ['weighted_sampling'], 'l1_lambda': 0.1, 'gradient_clip': 0.5, 'model_params': {'tcn': {'num_channels': [64, 128, 64], 'kernel_size': 5, 'dropout': 0.3}, 'lstm': {'hidden_size': 32, 'num_layers': 1, 'dropout': 0.1}}}","{'hidden_size': 32, 'num_layers': 1, 'dropout': 0.1}",46.12340068817139,True,0.0417,0.0139,0.3333,0.0267
34,lstm,pneumatic_rivet_gun,"{'batch_size': 32, 'epochs': 50, 'learning_rate': 0.0001, 'data_ratio': 1, 'semi_supervised': {'active': True, 'strategy': 'pseudo_labeling', 'labelled_ratio': 0.1, 'threshold': 0.8}, 'data_balancing': ['weighted_sampling'], 'l1_lambda': 0.1, 'gradient_clip': 0.5, 'model_params': {'tcn': {'num_channels': [64, 128, 64], 'kernel_size': 5, 'dropout': 0.3}, 'lstm': {'hidden_size': 32, 'num_layers': 1, 'dropout': 0.1}}}","{'hidden_size': 32, 'num_layers': 1, 'dropout': 0.1}",45.005282402038574,True,0.7083,0.2361,0.3333,0.2764
35,lstm,pneumatic_rivet_gun,"{'batch_size': 16, 'epochs': 30, 'learning_rate': 0.0005, 'data_ratio': 1, 'semi_supervised': {'active': True, 'strategy': 'pseudo_labeling', 'labelled_ratio': 0.1, 'threshold': 0.8}, 'data_balancing': ['focal_loss'], 'l1_lambda': 0.1, 'gradient_clip': 0.5, 'model_params': {'tcn': {'num_channels': [64, 128, 64], 'kernel_size': 5, 'dropout': 0.3}, 'lstm': {'hidden_size': 32, 'num_layers': 1, 'dropout': 0.1}}, 'focal_loss_gamma': np.float64(2.0)}","{'hidden_size': 32, 'num_layers': 1, 'dropout': 0.1}",45.83272075653076,True,0.25,0.0833,0.3333,0.1333
36,lstm,pneumatic_rivet_gun,"{'batch_size': 16, 'epochs': 50, 'learning_rate': 0.0005, 'data_ratio': 1, 'semi_supervised': {'active': True, 'strategy': 'mean_teacher', 'labelled_ratio': 0.1, 'alpha': 0.99, 'lambda_consistency': 1.0}, 'data_balancing': [], 'l1_lambda': 0.1, 'gradient_clip': 0.5, 'model_params': {'tcn': {'num_channels': [64, 128, 64], 'kernel_size': 5, 'dropout': 0.3}, 'lstm': {'hidden_size': 32, 'num_layers': 1, 'dropout': 0.1}}}","{'hidden_size': 32, 'num_layers': 1, 'dropout': 0.1}",49.1678204536438,True,0.0417,0.0139,0.3333,0.0267
37,lstm,pneumatic_rivet_gun,"{'batch_size': 32, 'epochs': 30, 'learning_rate': 0.0005, 'data_ratio': 1, 'semi_supervised': {'active': True, 'strategy': 'pseudo_labeling', 'labelled_ratio': 0.25, 'threshold': 0.9}, 'data_balancing': ['weighted_sampling'], 'l1_lambda': 0.1, 'gradient_clip': 0.5, 'model_params': {'tcn': {'num_channels': [64, 128, 64], 'kernel_size': 5, 'dropout': 0.3}, 'lstm': {'hidden_size': 32, 'num_layers': 1, 'dropout': 0.1}}}","{'hidden_size': 32, 'num_layers': 1, 'dropout': 0.1}",50.10695004463196,True,0.7083,0.2361,0.3333,0.2764
38,lstm,pneumatic_rivet_gun,"{'batch_size': 32, 'epochs': 50, 'learning_rate': 0.0005, 'data_ratio': 1, 'semi_supervised': {'active': True, 'strategy': 'pseudo_labeling', 'labelled_ratio': 0.25, 'threshold': 0.9}, 'data_balancing': ['focal_loss'], 'l1_lambda': 0.1, 'gradient_clip': 0.5, 'model_params': {'tcn': {'num_channels': [64, 128, 64], 'kernel_size': 5, 'dropout': 0.3}, 'lstm': {'hidden_size': 32, 'num_layers': 1, 'dropout': 0.1}}, 'focal_loss_gamma': np.float64(1.0)}","{'hidden_size': 32, 'num_layers': 1, 'dropout': 0.1}",49.66562795639038,True,0.0833,0.0672,0.3889,0.0883
39,lstm,pneumatic_rivet_gun,"{'batch_size': 16, 'epochs': 30, 'learning_rate': 0.001, 'data_ratio': 1, 'semi_supervised': {'active': True, 'strategy': 'mean_teacher', 'labelled_ratio': 0.1, 'alpha': 0.99, 'lambda_consistency': 1.0}, 'data_balancing': ['oversample'], 'l1_lambda': 0.1, 'gradient_clip': 0.5, 'model_params': {'tcn': {'num_channels': [64, 128, 64], 'kernel_size': 5, 'dropout': 0.3}, 'lstm': {'hidden_size': 32, 'num_layers': 1, 'dropout': 0.1}}}","{'hidden_size': 32, 'num_layers': 1, 'dropout': 0.1}",48.973443269729614,True,0.0417,0.0139,0.3333,0.0267
40,lstm,pneumatic_rivet_gun,"{'batch_size': 16, 'epochs': 50, 'learning_rate': 0.001, 'data_ratio': 1, 'semi_supervised': {'active': True, 'strategy': 'mean_teacher', 'labelled_ratio': 0.1, 'alpha': 0.99, 'lambda_consistency': 1.0}, 'data_balancing': ['weighted_sampling'], 'l1_lambda': 0.1, 'gradient_clip': 0.5, 'model_params': {'tcn': {'num_channels': [64, 128, 64], 'kernel_size': 5, 'dropout': 0.3}, 'lstm': {'hidden_size': 32, 'num_layers': 1, 'dropout': 0.1}}}","{'hidden_size': 32, 'num_layers': 1, 'dropout': 0.1}",45.13500237464905,True,0.0417,0.0139,0.3333,0.0267
42,lstm,pneumatic_rivet_gun,"{'batch_size': 16, 'epochs': 100, 'learning_rate': 0.0005, 'data_ratio': 1, 'semi_supervised': {'active': True, 'strategy': 'pseudo_labeling', 'labelled_ratio': 0.1, 'threshold': 0.8}, 'data_balancing': ['resample'], 'l1_lambda': 0.1, 'gradient_clip': 5.0, 'model_params': {'tcn': {'num_channels': [64, 128, 64], 'kernel_size': 5, 'dropout': 0.3}, 'lstm': {'hidden_size': 32, 'num_layers': 1, 'dropout': 0.1}}}","{'hidden_size': 32, 'num_layers': 1, 'dropout': 0.2}",48.84249138832092,True,0.5,0.4301,0.6209,0.4365
44,lstm,pneumatic_rivet_gun,"{'batch_size': 64, 'epochs': 100, 'learning_rate': 0.001, 'data_ratio': 1, 'semi_supervised': {'active': True, 'strategy': 'pseudo_labeling', 'labelled_ratio': 0.25, 'threshold': 0.9}, 'data_balancing': ['oversample', 'augment'], 'l1_lambda': 0.5, 'gradient_clip': 0.5, 'model_params': {'tcn': {'num_channels': [64, 128, 64], 'kernel_size': 5, 'dropout': 0.3}, 'lstm': {'hidden_size': 32, 'num_layers': 1, 'dropout': 0.1}}}","{'hidden_size': 32, 'num_layers': 2, 'dropout': 0.1}",62.235031604766846,True,0.625,0.5598,0.7157,0.6
46,lstm,pneumatic_rivet_gun,"{'batch_size': 16, 'epochs': 75, 'learning_rate': 0.0005, 'data_ratio': 1, 'semi_supervised': {'active': True, 'strategy': 'contrastive', 'labelled_ratio': 0.1, 'temperature': 0.3}, 'data_balancing': ['augment'], 'l1_lambda': 0.5, 'gradient_clip': 5.0, 'model_params': {'tcn': {'num_channels': [64, 128, 64], 'kernel_size': 5, 'dropout': 0.3}, 'lstm': {'hidden_size': 32, 'num_layers': 1, 'dropout': 0.1}}}","{'hidden_size': 64, 'num_layers': 2, 'dropout': 0.1}",49.79800462722778,True,0.75,0.5797,0.6667,0.6167
47,lstm,pneumatic_rivet_gun,"{'batch_size': 16, 'epochs': 100, 'learning_rate': 0.001, 'data_ratio': 1, 'semi_supervised': {'active': True, 'strategy': 'pseudo_labeling', 'labelled_ratio': 0.1, 'threshold': 0.8}, 'data_balancing': ['focal_loss'], 'l1_lambda': 0.1, 'gradient_clip': 1.0, 'model_params': {'tcn': {'num_channels': [64, 128, 64], 'kernel_size': 5, 'dropout': 0.3}, 'lstm': {'hidden_size': 32, 'num_layers': 1, 'dropout': 0.1}}, 'focal_loss_gamma': np.float64(1.0)}","{'hidden_size': 128, 'num_layers': 2, 'dropout': 0.2}",48.54043936729431,True,0.25,0.0833,0.3333,0.1333
48,lstm,pneumatic_rivet_gun,"{'batch_size': 64, 'epochs': 20, 'learning_rate': 0.0005, 'data_ratio': 1, 'semi_supervised': {'active': True, 'strategy': 'pseudo_labeling', 'labelled_ratio': 0.1, 'threshold': 0.8}, 'data_balancing': ['augment'], 'l1_lambda': 0.1, 'gradient_clip': 0.5, 'model_params': {'tcn': {'num_channels': [64, 128, 64], 'kernel_size': 5, 'dropout': 0.3}, 'lstm': {'hidden_size': 32, 'num_layers': 1, 'dropout': 0.1}}}","{'hidden_size': 256, 'num_layers': 2, 'dropout': 0.5}",46.45291209220886,True,0.7083,0.2361,0.3333,0.2764
49,lstm,pneumatic_rivet_gun,"{'batch_size': 64, 'epochs': 30, 'learning_rate': 0.005, 'data_ratio': 1, 'semi_supervised': {'active': True, 'strategy': 'contrastive', 'labelled_ratio': 0.1, 'temperature': 0.3}, 'data_balancing': ['oversample', 'augment'], 'l1_lambda': 1.0, 'gradient_clip': 5.0, 'model_params': {'tcn': {'num_channels': [64, 128, 64], 'kernel_size': 5, 'dropout': 0.3}, 'lstm': {'hidden_size': 32, 'num_layers': 1, 'dropout': 0.1}}}","{'hidden_size': 128, 'num_layers': 1, 'dropout': 0.2}",52.35483765602112,True,0.625,0.3123,0.6078,0.3704
50,lstm,pneumatic_rivet_gun,"{'batch_size': 64, 'epochs': 100, 'learning_rate': 0.005, 'data_ratio': 1, 'semi_supervised': {'active': True, 'strategy': 'contrastive', 'labelled_ratio': 0.1, 'temperature': 0.3}, 'data_balancing': ['augment'], 'l1_lambda': 1.0, 'gradient_clip': 5.0, 'model_params': {'tcn': {'num_channels': [64, 128, 64], 'kernel_size': 5, 'dropout': 0.3}, 'lstm': {'hidden_size': 32, 'num_layers': 1, 'dropout': 0.1}}}","{'hidden_size': 128, 'num_layers': 1, 'dropout': 0.2}",51.54422044754028,True,0.5417,0.4972,0.6405,0.5333
51,lstm,pneumatic_rivet_gun,"{'batch_size': 64, 'epochs': 50, 'learning_rate': 0.001, 'data_ratio': 1, 'semi_supervised': {'active': True, 'strategy': 'contrastive', 'labelled_ratio': 0.25, 'temperature': 0.5}, 'data_balancing': ['weighted_sampling'], 'l1_lambda': 0.1, 'gradient_clip': 0.5, 'model_params': {'tcn': {'num_channels': [64, 128, 64], 'kernel_size': 5, 'dropout': 0.3}, 'lstm': {'hidden_size': 32, 'num_layers': 1, 'dropout': 0.1}}}","{'hidden_size': 64, 'num_layers': 2, 'dropout': 0.3}",49.288349866867065,True,0.5,0.5972,0.585,0.5893
55,lstm,pneumatic_rivet_gun,"{'batch_size': 32, 'epochs': 75, 'learning_rate': 0.0005, 'data_ratio': 1, 'semi_supervised': {'active': True, 'strategy': 'contrastive', 'labelled_ratio': 0.25, 'temperature': 0.5}, 'data_balancing': ['oversample', 'augment'], 'l1_lambda': 0.1, 'gradient_clip': 0.5, 'model_params': {'tcn': {'num_channels': [64, 128, 64], 'kernel_size': 5, 'dropout': 0.3}, 'lstm': {'hidden_size': 32, 'num_layers': 1, 'dropout': 0.1}}}","{'hidden_size': 128, 'num_layers': 2, 'dropout': 0.2}",53.665342569351196,True,0.75,0.5797,0.6667,0.6167
57,lstm,pneumatic_rivet_gun,"{'batch_size': 64, 'epochs': 50, 'learning_rate': 0.001, 'data_ratio': 1, 'semi_supervised': {'active': True, 'strategy': 'contrastive', 'labelled_ratio': 0.25, 'temperature': 0.5}, 'data_balancing': ['focal_loss', 'weighted_sampling'], 'l1_lambda': 0.1, 'gradient_clip': 0.5, 'model_params': {'tcn': {'num_channels': [64, 128, 64], 'kernel_size': 5, 'dropout': 0.3}, 'lstm': {'hidden_size': 32, 'num_layers': 1, 'dropout': 0.1}}}","{'hidden_size': 256, 'num_layers': 1, 'dropout': 0.4}",47.90702557563782,True,0.2917,0.4203,0.6667,0.4713
58,lstm,pneumatic_rivet_gun,"{'batch_size': 32, 'epochs': 75, 'learning_rate': 0.0005, 'data_ratio': 1, 'semi_supervised': {'active': True, 'strategy': 'contrastive', 'labelled_ratio': 0.25, 'temperature': 0.5}, 'data_balancing': ['oversample', 'augment'], 'l1_lambda': 0.1, 'gradient_clip': 0.5, 'model_params': {'tcn': {'num_channels': [64, 128, 64], 'kernel_size': 5, 'dropout': 0.3}, 'lstm': {'hidden_size': 32, 'num_layers': 1, 'dropout': 0.1}}}","{'hidden_size': 256, 'num_layers': 1, 'dropout': 0.4}",55.051135540008545,True,0.5,0.3958,0.549,0.4444
59,lstm,pneumatic_rivet_gun,"{'batch_size': 128, 'epochs': 30, 'learning_rate': 0.002, 'data_ratio': 1, 'semi_supervised': {'active': True, 'strategy': 'contrastive', 'labelled_ratio': 0.25, 'temperature': 0.5}, 'data_balancing': ['oversample', 'augment'], 'l1_lambda': 0.1, 'gradient_clip': 0.5, 'model_params': {'tcn': {'num_channels': [64, 128, 64], 'kernel_size': 5, 'dropout': 0.3}, 'lstm': {'hidden_size': 32, 'num_layers': 1, 'dropout': 0.1}}}","{'hidden_size': 256, 'num_layers': 1, 'dropout': 0.4}",51.96584129333496,True,0.75,0.5797,0.6667,0.6167
61,lstm,pneumatic_screwdriver,"{'batch_size': 16, 'epochs': 30, 'learning_rate': 0.0001, 'data_ratio': 1, 'semi_supervised': {'active': True, 'strategy': 'mean_teacher', 'labelled_ratio': 0.1, 'alpha': 0.99, 'lambda_consistency': 1.0}, 'data_balancing': ['oversample'], 'l1_lambda': 0.1, 'gradient_clip': 0.5, 'model_params': {'tcn': {'num_channels': [64, 128, 64], 'kernel_size': 5, 'dropout': 0.3}, 'lstm': {'hidden_size': 32, 'num_layers': 1, 'dropout': 0.1}}}","{'hidden_size': 32, 'num_layers': 1, 'dropout': 0.1}",33.87938380241394,True,0.3662,0.0523,0.1429,0.0766
62,lstm,pneumatic_screwdriver,"{'batch_size': 16, 'epochs': 50, 'learning_rate': 0.0001, 'data_ratio': 1, 'semi_supervised': {'active': True, 'strategy': 'mean_teacher', 'labelled_ratio': 0.1, 'alpha': 0.99, 'lambda_consistency': 1.0}, 'data_balancing': ['weighted_sampling'], 'l1_lambda': 0.1, 'gradient_clip': 0.5, 'model_params': {'tcn': {'num_channels': [64, 128, 64], 'kernel_size': 5, 'dropout': 0.3}, 'lstm': {'hidden_size': 32, 'num_layers': 1, 'dropout': 0.1}}}","{'hidden_size': 32, 'num_layers': 1, 'dropout': 0.1}",29.90510606765747,True,0.3662,0.0523,0.1429,0.0766
64,lstm,pneumatic_screwdriver,"{'batch_size': 32, 'epochs': 50, 'learning_rate': 0.0001, 'data_ratio': 1, 'semi_supervised': {'active': True, 'strategy': 'pseudo_labeling', 'labelled_ratio': 0.1, 'threshold': 0.8}, 'data_balancing': ['weighted_sampling'], 'l1_lambda': 0.1, 'gradient_clip': 0.5, 'model_params': {'tcn': {'num_channels': [64, 128, 64], 'kernel_size': 5, 'dropout': 0.3}, 'lstm': {'hidden_size': 32, 'num_layers': 1, 'dropout': 0.1}}}","{'hidden_size': 32, 'num_layers': 1, 'dropout': 0.1}",41.41069221496582,True,0.3662,0.0523,0.1429,0.0766
65,lstm,pneumatic_screwdriver,"{'batch_size': 16, 'epochs': 30, 'learning_rate': 0.0005, 'data_ratio': 1, 'semi_supervised': {'active': True, 'strategy': 'pseudo_labeling', 'labelled_ratio': 0.1, 'threshold': 0.8}, 'data_balancing': ['focal_loss'], 'l1_lambda': 0.1, 'gradient_clip': 0.5, 'model_params': {'tcn': {'num_channels': [64, 128, 64], 'kernel_size': 5, 'dropout': 0.3}, 'lstm': {'hidden_size': 32, 'num_layers': 1, 'dropout': 0.1}}, 'focal_loss_gamma': np.float64(1.5)}","{'hidden_size': 32, 'num_layers': 1, 'dropout': 0.1}",36.61957383155823,True,0.3451,0.0635,0.2143,0.0952
66,lstm,pneumatic_screwdriver,"{'batch_size': 16, 'epochs': 50, 'learning_rate': 0.0005, 'data_ratio': 1, 'semi_supervised': {'active': True, 'strategy': 'mean_teacher', 'labelled_ratio': 0.1, 'alpha': 0.99, 'lambda_consistency': 1.0}, 'data_balancing': [], 'l1_lambda': 0.1, 'gradient_clip': 0.5, 'model_params': {'tcn': {'num_channels': [64, 128, 64], 'kernel_size': 5, 'dropout': 0.3}, 'lstm': {'hidden_size': 32, 'num_layers': 1, 'dropout': 0.1}}}","{'hidden_size': 32, 'num_layers': 1, 'dropout': 0.1}",31.80361247062683,True,0.3662,0.0523,0.1429,0.0766
67,lstm,pneumatic_screwdriver,"{'batch_size': 32, 'epochs': 30, 'learning_rate': 0.0005, 'data_ratio': 1, 'semi_supervised': {'active': True, 'strategy': 'pseudo_labeling', 'labelled_ratio': 0.25, 'threshold': 0.9}, 'data_balancing': ['weighted_sampling'], 'l1_lambda': 0.1, 'gradient_clip': 0.5, 'model_params': {'tcn': {'num_channels': [64, 128, 64], 'kernel_size': 5, 'dropout': 0.3}, 'lstm': {'hidden_size': 32, 'num_layers': 1, 'dropout': 0.1}}}","{'hidden_size': 32, 'num_layers': 1, 'dropout': 0.1}",38.18769192695618,True,0.4437,0.2599,0.3113,0.2576
68,lstm,pneumatic_screwdriver,"{'batch_size': 32, 'epochs': 50, 'learning_rate': 0.0005, 'data_ratio': 1, 'semi_supervised': {'active': True, 'strategy': 'pseudo_labeling', 'labelled_ratio': 0.25, 'threshold': 0.9}, 'data_balancing': ['focal_loss'], 'l1_lambda': 0.1, 'gradient_clip': 0.5, 'model_params': {'tcn': {'num_channels': [64, 128, 64], 'kernel_size': 5, 'dropout': 0.3}, 'lstm': {'hidden_size': 32, 'num_layers': 1, 'dropout': 0.1}}, 'focal_loss_gamma': np.float64(1.5)}","{'hidden_size': 32, 'num_layers': 1, 'dropout': 0.1}",42.2712128162384,True,0.0775,0.0746,0.1667,0.0567
69,lstm,pneumatic_screwdriver,"{'batch_size': 16, 'epochs': 30, 'learning_rate': 0.001, 'data_ratio': 1, 'semi_supervised': {'active': True, 'strategy': 'mean_teacher', 'labelled_ratio': 0.1, 'alpha': 0.99, 'lambda_consistency': 1.0}, 'data_balancing': ['oversample'], 'l1_lambda': 0.1, 'gradient_clip': 0.5, 'model_params': {'tcn': {'num_channels': [64, 128, 64], 'kernel_size': 5, 'dropout': 0.3}, 'lstm': {'hidden_size': 32, 'num_layers': 1, 'dropout': 0.1}}}","{'hidden_size': 32, 'num_layers': 1, 'dropout': 0.1}",35.83572554588318,True,0.3662,0.0523,0.1429,0.0766
70,lstm,pneumatic_screwdriver,"{'batch_size': 16, 'epochs': 50, 'learning_rate': 0.001, 'data_ratio': 1, 'semi_supervised': {'active': True, 'strategy': 'mean_teacher', 'labelled_ratio': 0.1, 'alpha': 0.99, 'lambda_consistency': 1.0}, 'data_balancing': ['weighted_sampling'], 'l1_lambda': 0.1, 'gradient_clip': 0.5, 'model_params': {'tcn': {'num_channels': [64, 128, 64], 'kernel_size': 5, 'dropout': 0.3}, 'lstm': {'hidden_size': 32, 'num_layers': 1, 'dropout': 0.1}}}","{'hidden_size': 32, 'num_layers': 1, 'dropout': 0.1}",32.22109317779541,True,0.3662,0.0523,0.1429,0.0766
72,lstm,pneumatic_screwdriver,"{'batch_size': 16, 'epochs': 100, 'learning_rate': 0.0005, 'data_ratio': 1, 'semi_supervised': {'active': True, 'strategy': 'pseudo_labeling', 'labelled_ratio': 0.1, 'threshold': 0.8}, 'data_balancing': ['resample'], 'l1_lambda': 0.1, 'gradient_clip': 5.0, 'model_params': {'tcn': {'num_channels': [64, 128, 64], 'kernel_size': 5, 'dropout': 0.3}, 'lstm': {'hidden_size': 32, 'num_layers': 1, 'dropout': 0.1}}}","{'hidden_size': 32, 'num_layers': 1, 'dropout': 0.2}",63.349658727645874,True,0.4437,0.1633,0.2857,0.2031
74,lstm,pneumatic_screwdriver,"{'batch_size': 64, 'epochs': 100, 'learning_rate': 0.001, 'data_ratio': 1, 'semi_supervised': {'active': True, 'strategy': 'pseudo_labeling', 'labelled_ratio': 0.25, 'threshold': 0.9}, 'data_balancing': ['oversample', 'augment'], 'l1_lambda': 0.5, 'gradient_clip': 0.5, 'model_params': {'tcn': {'num_channels': [64, 128, 64], 'kernel_size': 5, 'dropout': 0.3}, 'lstm': {'hidden_size': 32, 'num_layers': 1, 'dropout': 0.1}}}","{'hidden_size': 32, 'num_layers': 2, 'dropout': 0.1}",70.5656225681305,True,0.6056,0.5199,0.5299,0.4814
76,lstm,pneumatic_screwdriver,"{'batch_size': 16, 'epochs': 75, 'learning_rate': 0.0005, 'data_ratio': 1, 'semi_supervised': {'active': True, 'strategy': 'contrastive', 'labelled_ratio': 0.1, 'temperature': 0.3}, 'data_balancing': ['augment'], 'l1_lambda': 0.5, 'gradient_clip': 5.0, 'model_params': {'tcn': {'num_channels': [64, 128, 64], 'kernel_size': 5, 'dropout': 0.3}, 'lstm': {'hidden_size': 32, 'num_layers': 1, 'dropout': 0.1}}}","{'hidden_size': 64, 'num_layers': 2, 'dropout': 0.1}",67.49128746986389,True,0.5,0.2855,0.2937,0.2577
77,lstm,pneumatic_screwdriver,"{'batch_size': 16, 'epochs': 100, 'learning_rate': 0.001, 'data_ratio': 1, 'semi_supervised': {'active': True, 'strategy': 'pseudo_labeling', 'labelled_ratio': 0.1, 'threshold': 0.8}, 'data_balancing': ['focal_loss'], 'l1_lambda': 0.1, 'gradient_clip': 1.0, 'model_params': {'tcn': {'num_channels': [64, 128, 64], 'kernel_size': 5, 'dropout': 0.3}, 'lstm': {'hidden_size': 32, 'num_layers': 1, 'dropout': 0.1}}, 'focal_loss_gamma': np.float64(1.0)}","{'hidden_size': 128, 'num_layers': 2, 'dropout': 0.2}",50.99213147163391,True,0.4296,0.2295,0.3415,0.1947
78,lstm,pneumatic_screwdriver,"{'batch_size': 64, 'epochs': 20, 'learning_rate': 0.0005, 'data_ratio': 1, 'semi_supervised': {'active': True, 'strategy': 'pseudo_labeling', 'labelled_ratio': 0.1, 'threshold': 0.8}, 'data_balancing': ['augment'], 'l1_lambda': 0.1, 'gradient_clip': 0.5, 'model_params': {'tcn': {'num_channels': [64, 128, 64], 'kernel_size': 5, 'dropout': 0.3}, 'lstm': {'hidden_size': 32, 'num_layers': 1, 'dropout': 0.1}}}","{'hidden_size': 256, 'num_layers': 2, 'dropout': 0.5}",40.38662815093994,True,0.338,0.0483,0.1429,0.0722
79,lstm,pneumatic_screwdriver,"{'batch_size': 64, 'epochs': 30, 'learning_rate': 0.005, 'data_ratio': 1, 'semi_supervised': {'active': True, 'strategy': 'contrastive', 'labelled_ratio': 0.1, 'temperature': 0.3}, 'data_balancing': ['oversample', 'augment'], 'l1_lambda': 1.0, 'gradient_clip': 5.0, 'model_params': {'tcn': {'num_channels': [64, 128, 64], 'kernel_size': 5, 'dropout': 0.3}, 'lstm': {'hidden_size': 32, 'num_layers': 1, 'dropout': 0.1}}}","{'hidden_size': 128, 'num_layers': 1, 'dropout': 0.2}",67.81614851951599,True,0.3873,0.2411,0.4083,0.2874
80,lstm,pneumatic_screwdriver,"{'batch_size': 64, 'epochs': 100, 'learning_rate': 0.005, 'data_ratio': 1, 'semi_supervised': {'active': True, 'strategy': 'contrastive', 'labelled_ratio': 0.1, 'temperature': 0.3}, 'data_balancing': ['augment'], 'l1_lambda': 1.0, 'gradient_clip': 5.0, 'model_params': {'tcn': {'num_channels': [64, 128, 64], 'kernel_size': 5, 'dropout': 0.3}, 'lstm': {'hidden_size': 32, 'num_layers': 1, 'dropout': 0.1}}}","{'hidden_size': 128, 'num_layers': 1, 'dropout': 0.2}",57.50835871696472,True,0.4859,0.2692,0.2749,0.2421
81,lstm,pneumatic_screwdriver,"{'batch_size': 64, 'epochs': 50, 'learning_rate': 0.001, 'data_ratio': 1, 'semi_supervised': {'active': True, 'strategy': 'contrastive', 'labelled_ratio': 0.25, 'temperature': 0.5}, 'data_balancing': ['weighted_sampling'], 'l1_lambda': 0.1, 'gradient_clip': 0.5, 'model_params': {'tcn': {'num_channels': [64, 128, 64], 'kernel_size': 5, 'dropout': 0.3}, 'lstm': {'hidden_size': 32, 'num_layers': 1, 'dropout': 0.1}}}","{'hidden_size': 64, 'num_layers': 2, 'dropout': 0.3}",51.500378370285034,True,0.4789,0.2913,0.3112,0.2959
85,lstm,pneumatic_screwdriver,"{'batch_size': 32, 'epochs': 75, 'learning_rate': 0.0005, 'data_ratio': 1, 'semi_supervised': {'active': True, 'strategy': 'contrastive', 'labelled_ratio': 0.25, 'temperature': 0.5}, 'data_balancing': ['oversample', 'augment'], 'l1_lambda': 0.1, 'gradient_clip': 0.5, 'model_params': {'tcn': {'num_channels': [64, 128, 64], 'kernel_size': 5, 'dropout': 0.3}, 'lstm': {'hidden_size': 32, 'num_layers': 1, 'dropout': 0.1}}}","{'hidden_size': 128, 'num_layers': 2, 'dropout': 0.2}",93.48408150672913,True,0.493,0.376,0.3857,0.3531
87,lstm,pneumatic_screwdriver,"{'batch_size': 64, 'epochs': 50, 'learning_rate': 0.001, 'data_ratio': 1, 'semi_supervised': {'active': True, 'strategy': 'contrastive', 'labelled_ratio': 0.25, 'temperature': 0.5}, 'data_balancing': ['focal_loss', 'weighted_sampling'], 'l1_lambda': 0.1, 'gradient_clip': 0.5, 'model_params': {'tcn': {'num_channels': [64, 128, 64], 'kernel_size': 5, 'dropout': 0.3}, 'lstm': {'hidden_size': 32, 'num_layers': 1, 'dropout': 0.1}}}","{'hidden_size': 256, 'num_layers': 1, 'dropout': 0.4}",56.665603160858154,True,0.0493,0.0238,0.1,0.0385
88,lstm,pneumatic_screwdriver,"{'batch_size': 32, 'epochs': 75, 'learning_rate': 0.0005, 'data_ratio': 1, 'semi_supervised': {'active': True, 'strategy': 'contrastive', 'labelled_ratio': 0.25, 'temperature': 0.5}, 'data_balancing': ['oversample', 'augment'], 'l1_lambda': 0.1, 'gradient_clip': 0.5, 'model_params': {'tcn': {'num_channels': [64, 128, 64], 'kernel_size': 5, 'dropout': 0.3}, 'lstm': {'hidden_size': 32, 'num_layers': 1, 'dropout': 0.1}}}","{'hidden_size': 256, 'num_layers': 1, 'dropout': 0.4}",92.93747282028198,True,0.4718,0.45,0.4436,0.3573
89,lstm,pneumatic_screwdriver,"{'batch_size': 128, 'epochs': 30, 'learning_rate': 0.002, 'data_ratio': 1, 'semi_supervised': {'active': True, 'strategy': 'contrastive', 'labelled_ratio': 0.25, 'temperature': 0.5}, 'data_balancing': ['oversample', 'augment'], 'l1_lambda': 0.1, 'gradient_clip': 0.5, 'model_params': {'tcn': {'num_channels': [64, 128, 64], 'kernel_size': 5, 'dropout': 0.3}, 'lstm': {'hidden_size': 32, 'num_layers': 1, 'dropout': 0.1}}}","{'hidden_size': 256, 'num_layers': 1, 'dropout': 0.4}",65.96257328987122,True,0.4155,0.1971,0.2896,0.2268
91,tcn,electric_screwdriver,"{'batch_size': 16, 'epochs': 30, 'learning_rate': 0.0001, 'data_ratio': 1, 'semi_supervised': {'active': True, 'strategy': 'mean_teacher', 'labelled_ratio': 0.1, 'alpha': 0.99, 'lambda_consistency': 1.0}, 'data_balancing': ['oversample'], 'l1_lambda': 0.1, 'gradient_clip': 0.5, 'model_params': {'tcn': {'num_channels': [64, 128, 64], 'kernel_size': 5, 'dropout': 0.3}, 'lstm': {'hidden_size': 32, 'num_layers': 1, 'dropout': 0.1}}}","{'num_channels': [32, 32, 32], 'kernel_size': 2, 'dropout': 0.1}",40.148027658462524,True,0.0562,0.1499,0.1481,0.0236
92,tcn,electric_screwdriver,"{'batch_size': 16, 'epochs': 50, 'learning_rate': 0.0001, 'data_ratio': 1, 'semi_supervised': {'active': True, 'strategy': 'mean_teacher', 'labelled_ratio': 0.1, 'alpha': 0.99, 'lambda_consistency': 1.0}, 'data_balancing': ['weighted_sampling'], 'l1_lambda': 0.1, 'gradient_clip': 0.5, 'model_params': {'tcn': {'num_channels': [64, 128, 64], 'kernel_size': 5, 'dropout': 0.3}, 'lstm': {'hidden_size': 32, 'num_layers': 1, 'dropout': 0.1}}}","{'num_channels': [32, 32, 32], 'kernel_size': 2, 'dropout': 0.1}",41.28228974342346,True,0.0524,0.1498,0.1455,0.0185
94,tcn,electric_screwdriver,"{'batch_size': 32, 'epochs': 50, 'learning_rate': 0.0001, 'data_ratio': 1, 'semi_supervised': {'active': True, 'strategy': 'pseudo_labeling', 'labelled_ratio': 0.1, 'threshold': 0.8}, 'data_balancing': ['weighted_sampling'], 'l1_lambda': 0.1, 'gradient_clip': 0.5, 'model_params': {'tcn': {'num_channels': [64, 128, 64], 'kernel_size': 5, 'dropout': 0.3}, 'lstm': {'hidden_size': 32, 'num_layers': 1, 'dropout': 0.1}}}","{'num_channels': [32, 32, 32], 'kernel_size': 2, 'dropout': 0.1}",46.62773871421814,True,0.4944,0.133,0.2747,0.1791
95,tcn,electric_screwdriver,"{'batch_size': 16, 'epochs': 30, 'learning_rate': 0.0005, 'data_ratio': 1, 'semi_supervised': {'active': True, 'strategy': 'pseudo_labeling', 'labelled_ratio': 0.1, 'threshold': 0.8}, 'data_balancing': ['focal_loss'], 'l1_lambda': 0.1, 'gradient_clip': 0.5, 'model_params': {'tcn': {'num_channels': [64, 128, 64], 'kernel_size': 5, 'dropout': 0.3}, 'lstm': {'hidden_size': 32, 'num_layers': 1, 'dropout': 0.1}}, 'focal_loss_gamma': np.float64(2.0)}","{'num_channels': [32, 32, 32], 'kernel_size': 2, 'dropout': 0.1}",43.691508531570435,True,0.1273,0.2135,0.3121,0.2077
96,tcn,electric_screwdriver,"{'batch_size': 16, 'epochs': 50, 'learning_rate': 0.0005, 'data_ratio': 1, 'semi_supervised': {'active': True, 'strategy': 'mean_teacher', 'labelled_ratio': 0.1, 'alpha': 0.99, 'lambda_consistency': 1.0}, 'data_balancing': [], 'l1_lambda': 0.1, 'gradient_clip': 0.5, 'model_params': {'tcn': {'num_channels': [64, 128, 64], 'kernel_size': 5, 'dropout': 0.3}, 'lstm': {'hidden_size': 32, 'num_layers': 1, 'dropout': 0.1}}}","{'num_channels': [32, 32, 32], 'kernel_size': 2, 'dropout': 0.1}",36.42971229553223,True,0.0524,0.1498,0.1455,0.0185
97,tcn,electric_screwdriver,"{'batch_size': 32, 'epochs': 30, 'learning_rate': 0.0005, 'data_ratio': 1, 'semi_supervised': {'active': True, 'strategy': 'pseudo_labeling', 'labelled_ratio': 0.25, 'threshold': 0.9}, 'data_balancing': ['weighted_sampling'], 'l1_lambda': 0.1, 'gradient_clip': 0.5, 'model_params': {'tcn': {'num_channels': [64, 128, 64], 'kernel_size': 5, 'dropout': 0.3}, 'lstm': {'hidden_size': 32, 'num_layers': 1, 'dropout': 0.1}}}","{'num_channels': [32, 32, 32], 'kernel_size': 2, 'dropout': 0.1}",47.47982335090637,True,0.7004,0.5845,0.5612,0.5358
98,tcn,electric_screwdriver,"{'batch_size': 32, 'epochs': 50, 'learning_rate': 0.0005, 'data_ratio': 1, 'semi_supervised': {'active': True, 'strategy': 'pseudo_labeling', 'labelled_ratio': 0.25, 'threshold': 0.9}, 'data_balancing': ['focal_loss'], 'l1_lambda': 0.1, 'gradient_clip': 0.5, 'model_params': {'tcn': {'num_channels': [64, 128, 64], 'kernel_size': 5, 'dropout': 0.3}, 'lstm': {'hidden_size': 32, 'num_layers': 1, 'dropout': 0.1}}, 'focal_loss_gamma': np.float64(1.5)}","{'num_channels': [32, 32, 32], 'kernel_size': 2, 'dropout': 0.1}",56.186967611312866,True,0.3708,0.4234,0.4959,0.3844
99,tcn,electric_screwdriver,"{'batch_size': 16, 'epochs': 30, 'learning_rate': 0.001, 'data_ratio': 1, 'semi_supervised': {'active': True, 'strategy': 'mean_teacher', 'labelled_ratio': 0.1, 'alpha': 0.99, 'lambda_consistency': 1.0}, 'data_balancing': ['oversample'], 'l1_lambda': 0.1, 'gradient_clip': 0.5, 'model_params': {'tcn': {'num_channels': [64, 128, 64], 'kernel_size': 5, 'dropout': 0.3}, 'lstm': {'hidden_size': 32, 'num_layers': 1, 'dropout': 0.1}}}","{'num_channels': [32, 32, 32], 'kernel_size': 2, 'dropout': 0.1}",41.76317620277405,True,0.0562,0.1499,0.1481,0.0236
100,tcn,electric_screwdriver,"{'batch_size': 16, 'epochs': 50, 'learning_rate': 0.001, 'data_ratio': 1, 'semi_supervised': {'active': True, 'strategy': 'mean_teacher', 'labelled_ratio': 0.1, 'alpha': 0.99, 'lambda_consistency': 1.0}, 'data_balancing': ['weighted_sampling'], 'l1_lambda': 0.1, 'gradient_clip': 0.5, 'model_params': {'tcn': {'num_channels': [64, 128, 64], 'kernel_size': 5, 'dropout': 0.3}, 'lstm': {'hidden_size': 32, 'num_layers': 1, 'dropout': 0.1}}}","{'num_channels': [32, 32, 32], 'kernel_size': 2, 'dropout': 0.1}",40.09173512458801,True,0.0524,0.1498,0.1455,0.0185
101,tcn,electric_screwdriver,"{'batch_size': 32, 'epochs': 30, 'learning_rate': 0.001, 'data_ratio': 1, 'semi_supervised': {'active': True, 'strategy': 'pseudo_labeling', 'labelled_ratio': 0.25, 'threshold': 0.9}, 'data_balancing': ['oversample'], 'l1_lambda': 0.1, 'gradient_clip': 0.5, 'model_params': {'tcn': {'num_channels': [64, 128, 64], 'kernel_size': 5, 'dropout': 0.3}, 'lstm': {'hidden_size': 32, 'num_layers': 1, 'dropout': 0.1}}}","{'num_channels': [128, 64, 32], 'kernel_size': 2, 'dropout': 0.1}",119.60914087295532,True,0.7079,0.5871,0.6007,0.5878
102,tcn,electric_screwdriver,"{'batch_size': 32, 'epochs': 30, 'learning_rate': 0.0001, 'data_ratio': 1, 'semi_supervised': {'active': True, 'strategy': 'contrastive', 'labelled_ratio': 0.1, 'temperature': 0.3}, 'data_balancing': ['focal_loss', 'weighted_sampling'], 'l1_lambda': 0.0, 'gradient_clip': 1.0, 'model_params': {'tcn': {'num_channels': [64, 128, 64], 'kernel_size': 5, 'dropout': 0.3}, 'lstm': {'hidden_size': 32, 'num_layers': 1, 'dropout': 0.1}}, 'focal_loss_gamma': np.float64(2.5)}","{'num_channels': [64, 128, 64], 'kernel_size': 2, 'dropout': 0.1}",68.6852490901947,True,0.1273,0.2121,0.3934,0.2226
103,tcn,electric_screwdriver,"{'batch_size': 128, 'epochs': 50, 'learning_rate': 0.0005, 'data_ratio': 1, 'semi_supervised': {'active': True, 'strategy': 'contrastive', 'labelled_ratio': 0.25, 'temperature': 0.5}, 'data_balancing': ['resample'], 'l1_lambda': 0.5, 'gradient_clip': 1.0, 'model_params': {'tcn': {'num_channels': [64, 128, 64], 'kernel_size': 5, 'dropout': 0.3}, 'lstm': {'hidden_size': 32, 'num_layers': 1, 'dropout': 0.1}}}","{'num_channels': [64, 128, 64], 'kernel_size': 4, 'dropout': 0.1}",59.36544179916382,True,0.427,0.343,0.4783,0.3798
104,tcn,electric_screwdriver,"{'batch_size': 64, 'epochs': 50, 'learning_rate': 0.0001, 'data_ratio': 1, 'semi_supervised': {'active': True, 'strategy': 'pseudo_labeling', 'labelled_ratio': 0.25, 'threshold': 0.9}, 'data_balancing': ['oversample', 'augment'], 'l1_lambda': 0.5, 'gradient_clip': 0.5, 'model_params': {'tcn': {'num_channels': [64, 128, 64], 'kernel_size': 5, 'dropout': 0.3}, 'lstm': {'hidden_size': 32, 'num_layers': 1, 'dropout': 0.1}}}","{'num_channels': [32, 32, 32], 'kernel_size': 2, 'dropout': 0.4}",89.59951519966125,True,0.588,0.572,0.5594,0.5254
106,tcn,electric_screwdriver,"{'batch_size': 32, 'epochs': 20, 'learning_rate': 0.0001, 'data_ratio': 1, 'semi_supervised': {'active': True, 'strategy': 'mean_teacher', 'labelled_ratio': 0.1, 'alpha': 0.99, 'lambda_consistency': 1.0}, 'data_balancing': ['oversample', 'augment'], 'l1_lambda': 1.0, 'gradient_clip': 2.0, 'model_params': {'tcn': {'num_channels': [64, 128, 64], 'kernel_size': 5, 'dropout': 0.3}, 'lstm': {'hidden_size': 32, 'num_layers': 1, 'dropout': 0.1}}}","{'num_channels': [128, 64, 32], 'kernel_size': 3, 'dropout': 0.3}",44.3799192905426,True,0.0562,0.1499,0.1481,0.0236
107,tcn,electric_screwdriver,"{'batch_size': 32, 'epochs': 50, 'learning_rate': 0.001, 'data_ratio': 1, 'semi_supervised': {'active': True, 'strategy': 'contrastive', 'labelled_ratio': 0.1, 'temperature': 0.3}, 'data_balancing': ['resample'], 'l1_lambda': 0.0, 'gradient_clip': 1.0, 'model_params': {'tcn': {'num_channels': [64, 128, 64], 'kernel_size': 5, 'dropout': 0.3}, 'lstm': {'hidden_size': 32, 'num_layers': 1, 'dropout': 0.1}}}","{'num_channels': [32, 64, 32], 'kernel_size': 3, 'dropout': 0.3}",65.67450547218323,True,0.4082,0.1926,0.4138,0.2592
108,tcn,electric_screwdriver,"{'batch_size': 32, 'epochs': 50, 'learning_rate': 0.005, 'data_ratio': 1, 'semi_supervised': {'active': True, 'strategy': 'contrastive', 'labelled_ratio': 0.25, 'temperature': 0.5}, 'data_balancing': [], 'l1_lambda': 0.0, 'gradient_clip': 1.0, 'model_params': {'tcn': {'num_channels': [64, 128, 64], 'kernel_size': 5, 'dropout': 0.3}, 'lstm': {'hidden_size': 32, 'num_layers': 1, 'dropout': 0.1}}}","{'num_channels': [64, 128, 64], 'kernel_size': 5, 'dropout': 0.3}",83.14510703086853,True,0.6779,0.4903,0.5046,0.4722
109,tcn,electric_screwdriver,"{'batch_size': 64, 'epochs': 30, 'learning_rate': 0.0005, 'data_ratio': 1, 'semi_supervised': {'active': True, 'strategy': 'contrastive', 'labelled_ratio': 0.1, 'temperature': 0.3}, 'data_balancing': ['oversample', 'augment'], 'l1_lambda': 1.0, 'gradient_clip': 5.0, 'model_params': {'tcn': {'num_channels': [64, 128, 64], 'kernel_size': 5, 'dropout': 0.3}, 'lstm': {'hidden_size': 32, 'num_layers': 1, 'dropout': 0.1}}}","{'num_channels': [64, 128, 64], 'kernel_size': 4, 'dropout': 0.1}",130.80816078186035,True,0.5993,0.6013,0.5778,0.5514
110,tcn,electric_screwdriver,"{'batch_size': 64, 'epochs': 100, 'learning_rate': 0.005, 'data_ratio': 1, 'semi_supervised': {'active': True, 'strategy': 'contrastive', 'labelled_ratio': 0.1, 'temperature': 0.3}, 'data_balancing': ['augment'], 'l1_lambda': 1.0, 'gradient_clip': 5.0, 'model_params': {'tcn': {'num_channels': [64, 128, 64], 'kernel_size': 5, 'dropout': 0.3}, 'lstm': {'hidden_size': 32, 'num_layers': 1, 'dropout': 0.1}}}","{'num_channels': [32, 64, 32], 'kernel_size': 3, 'dropout': 0.2}",95.86719512939453,True,0.6704,0.5318,0.5119,0.5043
111,tcn,electric_screwdriver,"{'batch_size': 64, 'epochs': 50, 'learning_rate': 0.001, 'data_ratio': 1, 'semi_supervised': {'active': True, 'strategy': 'contrastive', 'labelled_ratio': 0.25, 'temperature': 0.5}, 'data_balancing': ['weighted_sampling'], 'l1_lambda': 0.1, 'gradient_clip': 0.5, 'model_params': {'tcn': {'num_channels': [64, 128, 64], 'kernel_size': 5, 'dropout': 0.3}, 'lstm': {'hidden_size': 32, 'num_layers': 1, 'dropout': 0.1}}}","{'num_channels': [64, 64, 64], 'kernel_size': 3, 'dropout': 0.2}",82.71217775344849,True,0.6217,0.44,0.5535,0.4566
115,tcn,electric_screwdriver,"{'batch_size': 32, 'epochs': 75, 'learning_rate': 0.0005, 'data_ratio': 1, 'semi_supervised': {'active': True, 'strategy': 'contrastive', 'labelled_ratio': 0.25, 'temperature': 0.5}, 'data_balancing': ['oversample', 'augment'], 'l1_lambda': 0.1, 'gradient_clip': 0.5, 'model_params': {'tcn': {'num_channels': [64, 128, 64], 'kernel_size': 5, 'dropout': 0.3}, 'lstm': {'hidden_size': 32, 'num_layers': 1, 'dropout': 0.1}}}","{'num_channels': [32, 64, 128], 'kernel_size': 4, 'dropout': 0.3}",199.0461666584015,True,0.6404,0.6646,0.6706,0.6032
117,tcn,electric_screwdriver,"{'batch_size': 64, 'epochs': 50, 'learning_rate': 0.001, 'data_ratio': 1, 'semi_supervised': {'active': True, 'strategy': 'contrastive', 'labelled_ratio': 0.25, 'temperature': 0.5}, 'data_balancing': ['focal_loss', 'weighted_sampling'], 'l1_lambda': 0.1, 'gradient_clip': 0.5, 'model_params': {'tcn': {'num_channels': [64, 128, 64], 'kernel_size': 5, 'dropout': 0.3}, 'lstm': {'hidden_size': 32, 'num_layers': 1, 'dropout': 0.1}}}","{'num_channels': [128, 64, 32], 'kernel_size': 3, 'dropout': 0.2}",74.30033755302429,True,0.3034,0.4253,0.4911,0.3341
118,tcn,electric_screwdriver,"{'batch_size': 32, 'epochs': 75, 'learning_rate': 0.0005, 'data_ratio': 1, 'semi_supervised': {'active': True, 'strategy': 'contrastive', 'labelled_ratio': 0.25, 'temperature': 0.5}, 'data_balancing': ['oversample', 'augment'], 'l1_lambda': 0.1, 'gradient_clip': 0.5, 'model_params': {'tcn': {'num_channels': [64, 128, 64], 'kernel_size': 5, 'dropout': 0.3}, 'lstm': {'hidden_size': 32, 'num_layers': 1, 'dropout': 0.1}}}","{'num_channels': [128, 64, 32], 'kernel_size': 3, 'dropout': 0.2}",194.38803267478943,True,0.6517,0.629,0.6614,0.6062
119,tcn,electric_screwdriver,"{'batch_size': 128, 'epochs': 30, 'learning_rate': 0.002, 'data_ratio': 1, 'semi_supervised': {'active': True, 'strategy': 'contrastive', 'labelled_ratio': 0.25, 'temperature': 0.5}, 'data_balancing': ['oversample', 'augment'], 'l1_lambda': 0.1, 'gradient_clip': 0.5, 'model_params': {'tcn': {'num_channels': [64, 128, 64], 'kernel_size': 5, 'dropout': 0.3}, 'lstm': {'hidden_size': 32, 'num_layers': 1, 'dropout': 0.1}}}","{'num_channels': [128, 64, 32], 'kernel_size': 3, 'dropout': 0.2}",132.21753549575806,True,0.6629,0.5878,0.5446,0.5504
121,tcn,pneumatic_rivet_gun,"{'batch_size': 16, 'epochs': 30, 'learning_rate': 0.0001, 'data_ratio': 1, 'semi_supervised': {'active': True, 'strategy': 'mean_teacher', 'labelled_ratio': 0.1, 'alpha': 0.99, 'lambda_consistency': 1.0}, 'data_balancing': ['oversample'], 'l1_lambda': 0.1, 'gradient_clip': 0.5, 'model_params': {'tcn': {'num_channels': [64, 128, 64], 'kernel_size': 5, 'dropout': 0.3}, 'lstm': {'hidden_size': 32, 'num_layers': 1, 'dropout': 0.1}}}","{'num_channels': [32, 32, 32], 'kernel_size': 2, 'dropout': 0.1}",54.518369913101196,True,0.7083,0.2361,0.3333,0.2764
122,tcn,pneumatic_rivet_gun,"{'batch_size': 16, 'epochs': 50, 'learning_rate': 0.0001, 'data_ratio': 1, 'semi_supervised': {'active': True, 'strategy': 'mean_teacher', 'labelled_ratio': 0.1, 'alpha': 0.99, 'lambda_consistency': 1.0}, 'data_balancing': ['weighted_sampling'], 'l1_lambda': 0.1, 'gradient_clip': 0.5, 'model_params': {'tcn': {'num_channels': [64, 128, 64], 'kernel_size': 5, 'dropout': 0.3}, 'lstm': {'hidden_size': 32, 'num_layers': 1, 'dropout': 0.1}}}","{'num_channels': [32, 32, 32], 'kernel_size': 2, 'dropout': 0.1}",53.11575722694397,True,0.7083,0.2361,0.3333,0.2764
124,tcn,pneumatic_rivet_gun,"{'batch_size': 32, 'epochs': 50, 'learning_rate': 0.0001, 'data_ratio': 1, 'semi_supervised': {'active': True, 'strategy': 'pseudo_labeling', 'labelled_ratio': 0.1, 'threshold': 0.8}, 'data_balancing': ['weighted_sampling'], 'l1_lambda': 0.1, 'gradient_clip': 0.5, 'model_params': {'tcn': {'num_channels': [64, 128, 64], 'kernel_size': 5, 'dropout': 0.3}, 'lstm': {'hidden_size': 32, 'num_layers': 1, 'dropout': 0.1}}}","{'num_channels': [32, 32, 32], 'kernel_size': 2, 'dropout': 0.1}",48.91144132614136,True,0.7083,0.2361,0.3333,0.2764
125,tcn,pneumatic_rivet_gun,"{'batch_size': 16, 'epochs': 30, 'learning_rate': 0.0005, 'data_ratio': 1, 'semi_supervised': {'active': True, 'strategy': 'pseudo_labeling', 'labelled_ratio': 0.1, 'threshold': 0.8}, 'data_balancing': ['focal_loss'], 'l1_lambda': 0.1, 'gradient_clip': 0.5, 'model_params': {'tcn': {'num_channels': [64, 128, 64], 'kernel_size': 5, 'dropout': 0.3}, 'lstm': {'hidden_size': 32, 'num_layers': 1, 'dropout': 0.1}}, 'focal_loss_gamma': np.float64(1.5)}","{'num_channels': [32, 32, 32], 'kernel_size': 2, 'dropout': 0.1}",50.54118895530701,True,0.3333,0.3333,0.3366,0.2234
126,tcn,pneumatic_rivet_gun,"{'batch_size': 16, 'epochs': 50, 'learning_rate': 0.0005, 'data_ratio': 1, 'semi_supervised': {'active': True, 'strategy': 'mean_teacher', 'labelled_ratio': 0.1, 'alpha': 0.99, 'lambda_consistency': 1.0}, 'data_balancing': [], 'l1_lambda': 0.1, 'gradient_clip': 0.5, 'model_params': {'tcn': {'num_channels': [64, 128, 64], 'kernel_size': 5, 'dropout': 0.3}, 'lstm': {'hidden_size': 32, 'num_layers': 1, 'dropout': 0.1}}}","{'num_channels': [32, 32, 32], 'kernel_size': 2, 'dropout': 0.1}",54.97173857688904,True,0.7083,0.2361,0.3333,0.2764
127,tcn,pneumatic_rivet_gun,"{'batch_size': 32, 'epochs': 30, 'learning_rate': 0.0005, 'data_ratio': 1, 'semi_supervised': {'active': True, 'strategy': 'pseudo_labeling', 'labelled_ratio': 0.25, 'threshold': 0.9}, 'data_balancing': ['weighted_sampling'], 'l1_lambda': 0.1, 'gradient_clip': 0.5, 'model_params': {'tcn': {'num_channels': [64, 128, 64], 'kernel_size': 5, 'dropout': 0.3}, 'lstm': {'hidden_size': 32, 'num_layers': 1, 'dropout': 0.1}}}","{'num_channels': [32, 32, 32], 'kernel_size': 2, 'dropout': 0.1}",51.60096287727356,True,0.625,0.2273,0.2941,0.2564
128,tcn,pneumatic_rivet_gun,"{'batch_size': 32, 'epochs': 50, 'learning_rate': 0.0005, 'data_ratio': 1, 'semi_supervised': {'active': True, 'strategy': 'pseudo_labeling', 'labelled_ratio': 0.25, 'threshold': 0.9}, 'data_balancing': ['focal_loss'], 'l1_lambda': 0.1, 'gradient_clip': 0.5, 'model_params': {'tcn': {'num_channels': [64, 128, 64], 'kernel_size': 5, 'dropout': 0.3}, 'lstm': {'hidden_size': 32, 'num_layers': 1, 'dropout': 0.1}}, 'focal_loss_gamma': np.float64(1.5)}","{'num_channels': [32, 32, 32], 'kernel_size': 2, 'dropout': 0.1}",50.1134192943573,True,0.0833,0.0559,0.3889,0.0868
129,tcn,pneumatic_rivet_gun,"{'batch_size': 16, 'epochs': 30, 'learning_rate': 0.001, 'data_ratio': 1, 'semi_supervised': {'active': True, 'strategy': 'mean_teacher', 'labelled_ratio': 0.1, 'alpha': 0.99, 'lambda_consistency': 1.0}, 'data_balancing': ['oversample'], 'l1_lambda': 0.1, 'gradient_clip': 0.5, 'model_params': {'tcn': {'num_channels': [64, 128, 64], 'kernel_size': 5, 'dropout': 0.3}, 'lstm': {'hidden_size': 32, 'num_layers': 1, 'dropout': 0.1}}}","{'num_channels': [32, 32, 32], 'kernel_size': 2, 'dropout': 0.1}",54.55934381484985,True,0.7083,0.2361,0.3333,0.2764
130,tcn,pneumatic_rivet_gun,"{'batch_size': 16, 'epochs': 50, 'learning_rate': 0.001, 'data_ratio': 1, 'semi_supervised': {'active': True, 'strategy': 'mean_teacher', 'labelled_ratio': 0.1, 'alpha': 0.99, 'lambda_consistency': 1.0}, 'data_balancing': ['weighted_sampling'], 'l1_lambda': 0.1, 'gradient_clip': 0.5, 'model_params': {'tcn': {'num_channels': [64, 128, 64], 'kernel_size': 5, 'dropout': 0.3}, 'lstm': {'hidden_size': 32, 'num_layers': 1, 'dropout': 0.1}}}","{'num_channels': [32, 32, 32], 'kernel_size': 2, 'dropout': 0.1}",49.693052768707275,True,0.7083,0.2361,0.3333,0.2764
131,tcn,pneumatic_rivet_gun,"{'batch_size': 32, 'epochs': 30, 'learning_rate': 0.001, 'data_ratio': 1, 'semi_supervised': {'active': True, 'strategy': 'pseudo_labeling', 'labelled_ratio': 0.25, 'threshold': 0.9}, 'data_balancing': ['oversample'], 'l1_lambda': 0.1, 'gradient_clip': 0.5, 'model_params': {'tcn': {'num_channels': [64, 128, 64], 'kernel_size': 5, 'dropout': 0.3}, 'lstm': {'hidden_size': 32, 'num_layers': 1, 'dropout': 0.1}}}","{'num_channels': [128, 64, 32], 'kernel_size': 2, 'dropout': 0.1}",56.35969829559326,True,0.5833,0.4606,0.6601,0.4803
132,tcn,pneumatic_rivet_gun,"{'batch_size': 32, 'epochs': 30, 'learning_rate': 0.0001, 'data_ratio': 1, 'semi_supervised': {'active': True, 'strategy': 'contrastive', 'labelled_ratio': 0.1, 'temperature': 0.3}, 'data_balancing': ['focal_loss', 'weighted_sampling'], 'l1_lambda': 0.0, 'gradient_clip': 1.0, 'model_params': {'tcn': {'num_channels': [64, 128, 64], 'kernel_size': 5, 'dropout': 0.3}, 'lstm': {'hidden_size': 32, 'num_layers': 1, 'dropout': 0.1}}, 'focal_loss_gamma': np.float64(0.5)}","{'num_channels': [64, 128, 64], 'kernel_size': 2, 'dropout': 0.1}",52.129637241363525,True,0.4167,0.237,0.232,0.2319
133,tcn,pneumatic_rivet_gun,"{'batch_size': 128, 'epochs': 50, 'learning_rate': 0.0005, 'data_ratio': 1, 'semi_supervised': {'active': True, 'strategy': 'contrastive', 'labelled_ratio': 0.25, 'temperature': 0.5}, 'data_balancing': ['resample'], 'l1_lambda': 0.5, 'gradient_clip': 1.0, 'model_params': {'tcn': {'num_channels': [64, 128, 64], 'kernel_size': 5, 'dropout': 0.3}, 'lstm': {'hidden_size': 32, 'num_layers': 1, 'dropout': 0.1}}}","{'num_channels': [64, 128, 64], 'kernel_size': 4, 'dropout': 0.1}",48.926379442214966,True,0.25,0.0833,0.3333,0.1333
134,tcn,pneumatic_rivet_gun,"{'batch_size': 64, 'epochs': 50, 'learning_rate': 0.0001, 'data_ratio': 1, 'semi_supervised': {'active': True, 'strategy': 'pseudo_labeling', 'labelled_ratio': 0.25, 'threshold': 0.9}, 'data_balancing': ['oversample', 'augment'], 'l1_lambda': 0.5, 'gradient_clip': 0.5, 'model_params': {'tcn': {'num_channels': [64, 128, 64], 'kernel_size': 5, 'dropout': 0.3}, 'lstm': {'hidden_size': 32, 'num_layers': 1, 'dropout': 0.1}}}","{'num_channels': [32, 32, 32], 'kernel_size': 2, 'dropout': 0.4}",53.99392342567444,True,0.2083,0.35,0.4118,0.1587
136,tcn,pneumatic_rivet_gun,"{'batch_size': 32, 'epochs': 20, 'learning_rate': 0.0001, 'data_ratio': 1, 'semi_supervised': {'active': True, 'strategy': 'mean_teacher', 'labelled_ratio': 0.1, 'alpha': 0.99, 'lambda_consistency': 1.0}, 'data_balancing': ['oversample', 'augment'], 'l1_lambda': 1.0, 'gradient_clip': 2.0, 'model_params': {'tcn': {'num_channels': [64, 128, 64], 'kernel_size': 5, 'dropout': 0.3}, 'lstm': {'hidden_size': 32, 'num_layers': 1, 'dropout': 0.1}}}","{'num_channels': [128, 64, 32], 'kernel_size': 3, 'dropout': 0.3}",54.431405544281006,True,0.7083,0.2361,0.3333,0.2764
137,tcn,pneumatic_rivet_gun,"{'batch_size': 32, 'epochs': 50, 'learning_rate': 0.001, 'data_ratio': 1, 'semi_supervised': {'active': True, 'strategy': 'contrastive', 'labelled_ratio': 0.1, 'temperature': 0.3}, 'data_balancing': ['resample'], 'l1_lambda': 0.0, 'gradient_clip': 1.0, 'model_params': {'tcn': {'num_channels': [64, 128, 64], 'kernel_size': 5, 'dropout': 0.3}, 'lstm': {'hidden_size': 32, 'num_layers': 1, 'dropout': 0.1}}}","{'num_channels': [32, 64, 32], 'kernel_size': 3, 'dropout': 0.3}",51.93507480621338,True,0.25,0.0833,0.3333,0.1333
138,tcn,pneumatic_rivet_gun,"{'batch_size': 32, 'epochs': 50, 'learning_rate': 0.005, 'data_ratio': 1, 'semi_supervised': {'active': True, 'strategy': 'contrastive', 'labelled_ratio': 0.25, 'temperature': 0.5}, 'data_balancing': [], 'l1_lambda': 0.0, 'gradient_clip': 1.0, 'model_params': {'tcn': {'num_channels': [64, 128, 64], 'kernel_size': 5, 'dropout': 0.3}, 'lstm': {'hidden_size': 32, 'num_layers': 1, 'dropout': 0.1}}}","{'num_channels': [64, 128, 64], 'kernel_size': 5, 'dropout': 0.3}",50.98106575012207,True,0.4583,0.2037,0.2157,0.2095
139,tcn,pneumatic_rivet_gun,"{'batch_size': 64, 'epochs': 30, 'learning_rate': 0.0005, 'data_ratio': 1, 'semi_supervised': {'active': True, 'strategy': 'contrastive', 'labelled_ratio': 0.1, 'temperature': 0.3}, 'data_balancing': ['oversample', 'augment'], 'l1_lambda': 1.0, 'gradient_clip': 5.0, 'model_params': {'tcn': {'num_channels': [64, 128, 64], 'kernel_size': 5, 'dropout': 0.3}, 'lstm': {'hidden_size': 32, 'num_layers': 1, 'dropout': 0.1}}}","{'num_channels': [64, 128, 64], 'kernel_size': 4, 'dropout': 0.1}",57.92951989173889,True,0.5,0.3124,0.549,0.3
140,tcn,pneumatic_rivet_gun,"{'batch_size': 64, 'epochs': 100, 'learning_rate': 0.005, 'data_ratio': 1, 'semi_supervised': {'active': True, 'strategy': 'contrastive', 'labelled_ratio': 0.1, 'temperature': 0.3}, 'data_balancing': ['augment'], 'l1_lambda': 1.0, 'gradient_clip': 5.0, 'model_params': {'tcn': {'num_channels': [64, 128, 64], 'kernel_size': 5, 'dropout': 0.3}, 'lstm': {'hidden_size': 32, 'num_layers': 1, 'dropout': 0.1}}}","{'num_channels': [32, 64, 32], 'kernel_size': 3, 'dropout': 0.2}",53.722768783569336,True,0.75,0.4608,0.4608,0.4608
141,tcn,pneumatic_rivet_gun,"{'batch_size': 64, 'epochs': 50, 'learning_rate': 0.001, 'data_ratio': 1, 'semi_supervised': {'active': True, 'strategy': 'contrastive', 'labelled_ratio': 0.25, 'temperature': 0.5}, 'data_balancing': ['weighted_sampling'], 'l1_lambda': 0.1, 'gradient_clip': 0.5, 'model_params': {'tcn': {'num_channels': [64, 128, 64], 'kernel_size': 5, 'dropout': 0.3}, 'lstm': {'hidden_size': 32, 'num_layers': 1, 'dropout': 0.1}}}","{'num_channels': [64, 64, 64], 'kernel_size': 3, 'dropout': 0.2}",53.48515748977661,True,0.4167,0.1961,0.1961,0.1961
145,tcn,pneumatic_rivet_gun,"{'batch_size': 32, 'epochs': 75, 'learning_rate': 0.0005, 'data_ratio': 1, 'semi_supervised': {'active': True, 'strategy': 'contrastive', 'labelled_ratio': 0.25, 'temperature': 0.5}, 'data_balancing': ['oversample', 'augment'], 'l1_lambda': 0.1, 'gradient_clip': 0.5, 'model_params': {'tcn': {'num_channels': [64, 128, 64], 'kernel_size': 5, 'dropout': 0.3}, 'lstm': {'hidden_size': 32, 'num_layers': 1, 'dropout': 0.1}}}","{'num_channels': [32, 64, 128], 'kernel_size': 4, 'dropout': 0.3}",63.23910403251648,True,0.625,0.5598,0.7157,0.6
147,tcn,pneumatic_rivet_gun,"{'batch_size': 64, 'epochs': 50, 'learning_rate': 0.001, 'data_ratio': 1, 'semi_supervised': {'active': True, 'strategy': 'contrastive', 'labelled_ratio': 0.25, 'temperature': 0.5}, 'data_balancing': ['focal_loss', 'weighted_sampling'], 'l1_lambda': 0.1, 'gradient_clip': 0.5, 'model_params': {'tcn': {'num_channels': [64, 128, 64], 'kernel_size': 5, 'dropout': 0.3}, 'lstm': {'hidden_size': 32, 'num_layers': 1, 'dropout': 0.1}}}","{'num_channels': [128, 64, 32], 'kernel_size': 3, 'dropout': 0.2}",60.32763433456421,True,0.3333,0.5833,0.6503,0.4206
148,tcn,pneumatic_rivet_gun,"{'batch_size': 32, 'epochs': 75, 'learning_rate': 0.0005, 'data_ratio': 1, 'semi_supervised': {'active': True, 'strategy': 'contrastive', 'labelled_ratio': 0.25, 'temperature': 0.5}, 'data_balancing': ['oversample', 'augment'], 'l1_lambda': 0.1, 'gradient_clip': 0.5, 'model_params': {'tcn': {'num_channels': [64, 128, 64], 'kernel_size': 5, 'dropout': 0.3}, 'lstm': {'hidden_size': 32, 'num_layers': 1, 'dropout': 0.1}}}","{'num_channels': [128, 64, 32], 'kernel_size': 3, 'dropout': 0.2}",68.39416265487671,True,0.625,0.5598,0.7157,0.6
149,tcn,pneumatic_rivet_gun,"{'batch_size': 128, 'epochs': 30, 'learning_rate': 0.002, 'data_ratio': 1, 'semi_supervised': {'active': True, 'strategy': 'contrastive', 'labelled_ratio': 0.25, 'temperature': 0.5}, 'data_balancing': ['oversample', 'augment'], 'l1_lambda': 0.1, 'gradient_clip': 0.5, 'model_params': {'tcn': {'num_channels': [64, 128, 64], 'kernel_size': 5, 'dropout': 0.3}, 'lstm': {'hidden_size': 32, 'num_layers': 1, 'dropout': 0.1}}}","{'num_channels': [128, 64, 32], 'kernel_size': 3, 'dropout': 0.2}",64.50758051872253,True,0.5833,0.4598,0.6601,0.4667
151,tcn,pneumatic_screwdriver,"{'batch_size': 16, 'epochs': 30, 'learning_rate': 0.0001, 'data_ratio': 1, 'semi_supervised': {'active': True, 'strategy': 'mean_teacher', 'labelled_ratio': 0.1, 'alpha': 0.99, 'lambda_consistency': 1.0}, 'data_balancing': ['oversample'], 'l1_lambda': 0.1, 'gradient_clip': 0.5, 'model_params': {'tcn': {'num_channels': [64, 128, 64], 'kernel_size': 5, 'dropout': 0.3}, 'lstm': {'hidden_size': 32, 'num_layers': 1, 'dropout': 0.1}}}","{'num_channels': [32, 32, 32], 'kernel_size': 2, 'dropout': 0.1}",36.50127625465393,True,0.0141,0.002,0.1429,0.004
152,tcn,pneumatic_screwdriver,"{'batch_size': 16, 'epochs': 50, 'learning_rate': 0.0001, 'data_ratio': 1, 'semi_supervised': {'active': True, 'strategy': 'mean_teacher', 'labelled_ratio': 0.1, 'alpha': 0.99, 'lambda_consistency': 1.0}, 'data_balancing': ['weighted_sampling'], 'l1_lambda': 0.1, 'gradient_clip': 0.5, 'model_params': {'tcn': {'num_channels': [64, 128, 64], 'kernel_size': 5, 'dropout': 0.3}, 'lstm': {'hidden_size': 32, 'num_layers': 1, 'dropout': 0.1}}}","{'num_channels': [32, 32, 32], 'kernel_size': 2, 'dropout': 0.1}",34.96721029281616,True,0.0141,0.002,0.1429,0.004
154,tcn,pneumatic_screwdriver,"{'batch_size': 32, 'epochs': 50, 'learning_rate': 0.0001, 'data_ratio': 1, 'semi_supervised': {'active': True, 'strategy': 'pseudo_labeling', 'labelled_ratio': 0.1, 'threshold': 0.8}, 'data_balancing': ['weighted_sampling'], 'l1_lambda': 0.1, 'gradient_clip': 0.5, 'model_params': {'tcn': {'num_channels': [64, 128, 64], 'kernel_size': 5, 'dropout': 0.3}, 'lstm': {'hidden_size': 32, 'num_layers': 1, 'dropout': 0.1}}}","{'num_channels': [32, 32, 32], 'kernel_size': 2, 'dropout': 0.1}",39.68122577667236,True,0.3592,0.1047,0.1511,0.0896
155,tcn,pneumatic_screwdriver,"{'batch_size': 16, 'epochs': 30, 'learning_rate': 0.0005, 'data_ratio': 1, 'semi_supervised': {'active': True, 'strategy': 'pseudo_labeling', 'labelled_ratio': 0.1, 'threshold': 0.8}, 'data_balancing': ['focal_loss'], 'l1_lambda': 0.1, 'gradient_clip': 0.5, 'model_params': {'tcn': {'num_channels': [64, 128, 64], 'kernel_size': 5, 'dropout': 0.3}, 'lstm': {'hidden_size': 32, 'num_layers': 1, 'dropout': 0.1}}, 'focal_loss_gamma': np.float64(2.0)}","{'num_channels': [32, 32, 32], 'kernel_size': 2, 'dropout': 0.1}",37.81940531730652,True,0.169,0.0878,0.2714,0.1204
156,tcn,pneumatic_screwdriver,"{'batch_size': 16, 'epochs': 50, 'learning_rate': 0.0005, 'data_ratio': 1, 'semi_supervised': {'active': True, 'strategy': 'mean_teacher', 'labelled_ratio': 0.1, 'alpha': 0.99, 'lambda_consistency': 1.0}, 'data_balancing': [], 'l1_lambda': 0.1, 'gradient_clip': 0.5, 'model_params': {'tcn': {'num_channels': [64, 128, 64], 'kernel_size': 5, 'dropout': 0.3}, 'lstm': {'hidden_size': 32, 'num_layers': 1, 'dropout': 0.1}}}","{'num_channels': [32, 32, 32], 'kernel_size': 2, 'dropout': 0.1}",32.68271827697754,True,0.0141,0.002,0.1429,0.004
157,tcn,pneumatic_screwdriver,"{'batch_size': 32, 'epochs': 30, 'learning_rate': 0.0005, 'data_ratio': 1, 'semi_supervised': {'active': True, 'strategy': 'pseudo_labeling', 'labelled_ratio': 0.25, 'threshold': 0.9}, 'data_balancing': ['weighted_sampling'], 'l1_lambda': 0.1, 'gradient_clip': 0.5, 'model_params': {'tcn': {'num_channels': [64, 128, 64], 'kernel_size': 5, 'dropout': 0.3}, 'lstm': {'hidden_size': 32, 'num_layers': 1, 'dropout': 0.1}}}","{'num_channels': [32, 32, 32], 'kernel_size': 2, 'dropout': 0.1}",39.041714906692505,True,0.4577,0.2917,0.2905,0.2174
158,tcn,pneumatic_screwdriver,"{'batch_size': 32, 'epochs': 50, 'learning_rate': 0.0005, 'data_ratio': 1, 'semi_supervised': {'active': True, 'strategy': 'pseudo_labeling', 'labelled_ratio': 0.25, 'threshold': 0.9}, 'data_balancing': ['focal_loss'], 'l1_lambda': 0.1, 'gradient_clip': 0.5, 'model_params': {'tcn': {'num_channels': [64, 128, 64], 'kernel_size': 5, 'dropout': 0.3}, 'lstm': {'hidden_size': 32, 'num_layers': 1, 'dropout': 0.1}}, 'focal_loss_gamma': np.float64(2.5)}","{'num_channels': [32, 32, 32], 'kernel_size': 2, 'dropout': 0.1}",45.64111661911011,True,0.1338,0.1284,0.2286,0.1202
159,tcn,pneumatic_screwdriver,"{'batch_size': 16, 'epochs': 30, 'learning_rate': 0.001, 'data_ratio': 1, 'semi_supervised': {'active': True, 'strategy': 'mean_teacher', 'labelled_ratio': 0.1, 'alpha': 0.99, 'lambda_consistency': 1.0}, 'data_balancing': ['oversample'], 'l1_lambda': 0.1, 'gradient_clip': 0.5, 'model_params': {'tcn': {'num_channels': [64, 128, 64], 'kernel_size': 5, 'dropout': 0.3}, 'lstm': {'hidden_size': 32, 'num_layers': 1, 'dropout': 0.1}}}","{'num_channels': [32, 32, 32], 'kernel_size': 2, 'dropout': 0.1}",36.74222373962402,True,0.0141,0.002,0.1429,0.004
160,tcn,pneumatic_screwdriver,"{'batch_size': 16, 'epochs': 50, 'learning_rate': 0.001, 'data_ratio': 1, 'semi_supervised': {'active': True, 'strategy': 'mean_teacher', 'labelled_ratio': 0.1, 'alpha': 0.99, 'lambda_consistency': 1.0}, 'data_balancing': ['weighted_sampling'], 'l1_lambda': 0.1, 'gradient_clip': 0.5, 'model_params': {'tcn': {'num_channels': [64, 128, 64], 'kernel_size': 5, 'dropout': 0.3}, 'lstm': {'hidden_size': 32, 'num_layers': 1, 'dropout': 0.1}}}","{'num_channels': [32, 32, 32], 'kernel_size': 2, 'dropout': 0.1}",35.64957594871521,True,0.0141,0.002,0.1429,0.004
161,tcn,pneumatic_screwdriver,"{'batch_size': 32, 'epochs': 30, 'learning_rate': 0.001, 'data_ratio': 1, 'semi_supervised': {'active': True, 'strategy': 'pseudo_labeling', 'labelled_ratio': 0.25, 'threshold': 0.9}, 'data_balancing': ['oversample'], 'l1_lambda': 0.1, 'gradient_clip': 0.5, 'model_params': {'tcn': {'num_channels': [64, 128, 64], 'kernel_size': 5, 'dropout': 0.3}, 'lstm': {'hidden_size': 32, 'num_layers': 1, 'dropout': 0.1}}}","{'num_channels': [128, 64, 32], 'kernel_size': 2, 'dropout': 0.1}",51.7538959980011,True,0.4577,0.3627,0.3894,0.3132
162,tcn,pneumatic_screwdriver,"{'batch_size': 32, 'epochs': 30, 'learning_rate': 0.0001, 'data_ratio': 1, 'semi_supervised': {'active': True, 'strategy': 'contrastive', 'labelled_ratio': 0.1, 'temperature': 0.3}, 'data_balancing': ['focal_loss', 'weighted_sampling'], 'l1_lambda': 0.0, 'gradient_clip': 1.0, 'model_params': {'tcn': {'num_channels': [64, 128, 64], 'kernel_size': 5, 'dropout': 0.3}, 'lstm': {'hidden_size': 32, 'num_layers': 1, 'dropout': 0.1}}, 'focal_loss_gamma': np.float64(1.0)}","{'num_channels': [64, 128, 64], 'kernel_size': 2, 'dropout': 0.1}",52.1376256942749,True,0.0704,0.0186,0.2571,0.0345
163,tcn,pneumatic_screwdriver,"{'batch_size': 128, 'epochs': 50, 'learning_rate': 0.0005, 'data_ratio': 1, 'semi_supervised': {'active': True, 'strategy': 'contrastive', 'labelled_ratio': 0.25, 'temperature': 0.5}, 'data_balancing': ['resample'], 'l1_lambda': 0.5, 'gradient_clip': 1.0, 'model_params': {'tcn': {'num_channels': [64, 128, 64], 'kernel_size': 5, 'dropout': 0.3}, 'lstm': {'hidden_size': 32, 'num_layers': 1, 'dropout': 0.1}}}","{'num_channels': [64, 128, 64], 'kernel_size': 4, 'dropout': 0.1}",46.97385835647583,True,0.4296,0.1469,0.2732,0.188
164,tcn,pneumatic_screwdriver,"{'batch_size': 64, 'epochs': 50, 'learning_rate': 0.0001, 'data_ratio': 1, 'semi_supervised': {'active': True, 'strategy': 'pseudo_labeling', 'labelled_ratio': 0.25, 'threshold': 0.9}, 'data_balancing': ['oversample', 'augment'], 'l1_lambda': 0.5, 'gradient_clip': 0.5, 'model_params': {'tcn': {'num_channels': [64, 128, 64], 'kernel_size': 5, 'dropout': 0.3}, 'lstm': {'hidden_size': 32, 'num_layers': 1, 'dropout': 0.1}}}","{'num_channels': [32, 32, 32], 'kernel_size': 2, 'dropout': 0.4}",56.9458110332489,True,0.2535,0.0848,0.3464,0.118
166,tcn,pneumatic_screwdriver,"{'batch_size': 32, 'epochs': 20, 'learning_rate': 0.0001, 'data_ratio': 1, 'semi_supervised': {'active': True, 'strategy': 'mean_teacher', 'labelled_ratio': 0.1, 'alpha': 0.99, 'lambda_consistency': 1.0}, 'data_balancing': ['oversample', 'augment'], 'l1_lambda': 1.0, 'gradient_clip': 2.0, 'model_params': {'tcn': {'num_channels': [64, 128, 64], 'kernel_size': 5, 'dropout': 0.3}, 'lstm': {'hidden_size': 32, 'num_layers': 1, 'dropout': 0.1}}}","{'num_channels': [128, 64, 32], 'kernel_size': 3, 'dropout': 0.3}",38.21509289741516,True,0.0141,0.002,0.1429,0.004
167,tcn,pneumatic_screwdriver,"{'batch_size': 32, 'epochs': 50, 'learning_rate': 0.001, 'data_ratio': 1, 'semi_supervised': {'active': True, 'strategy': 'contrastive', 'labelled_ratio': 0.1, 'temperature': 0.3}, 'data_balancing': ['resample'], 'l1_lambda': 0.0, 'gradient_clip': 1.0, 'model_params': {'tcn': {'num_channels': [64, 128, 64], 'kernel_size': 5, 'dropout': 0.3}, 'lstm': {'hidden_size': 32, 'num_layers': 1, 'dropout': 0.1}}}","{'num_channels': [32, 64, 32], 'kernel_size': 3, 'dropout': 0.3}",50.98358654975891,True,0.4366,0.2061,0.294,0.2276
168,tcn,pneumatic_screwdriver,"{'batch_size': 32, 'epochs': 50, 'learning_rate': 0.005, 'data_ratio': 1, 'semi_supervised': {'active': True, 'strategy': 'contrastive', 'labelled_ratio': 0.25, 'temperature': 0.5}, 'data_balancing': [], 'l1_lambda': 0.0, 'gradient_clip': 1.0, 'model_params': {'tcn': {'num_channels': [64, 128, 64], 'kernel_size': 5, 'dropout': 0.3}, 'lstm': {'hidden_size': 32, 'num_layers': 1, 'dropout': 0.1}}}","{'num_channels': [64, 128, 64], 'kernel_size': 5, 'dropout': 0.3}",58.53347826004028,True,0.5141,0.2688,0.279,0.2647
169,tcn,pneumatic_screwdriver,"{'batch_size': 64, 'epochs': 30, 'learning_rate': 0.0005, 'data_ratio': 1, 'semi_supervised': {'active': True, 'strategy': 'contrastive', 'labelled_ratio': 0.1, 'temperature': 0.3}, 'data_balancing': ['oversample', 'augment'], 'l1_lambda': 1.0, 'gradient_clip': 5.0, 'model_params': {'tcn': {'num_channels': [64, 128, 64], 'kernel_size': 5, 'dropout': 0.3}, 'lstm': {'hidden_size': 32, 'num_layers': 1, 'dropout': 0.1}}}","{'num_channels': [64, 128, 64], 'kernel_size': 4, 'dropout': 0.1}",71.45595455169678,True,0.162,0.2514,0.2526,0.1529
170,tcn,pneumatic_screwdriver,"{'batch_size': 64, 'epochs': 100, 'learning_rate': 0.005, 'data_ratio': 1, 'semi_supervised': {'active': True, 'strategy': 'contrastive', 'labelled_ratio': 0.1, 'temperature': 0.3}, 'data_balancing': ['augment'], 'l1_lambda': 1.0, 'gradient_clip': 5.0, 'model_params': {'tcn': {'num_channels': [64, 128, 64], 'kernel_size': 5, 'dropout': 0.3}, 'lstm': {'hidden_size': 32, 'num_layers': 1, 'dropout': 0.1}}}","{'num_channels': [32, 64, 32], 'kernel_size': 3, 'dropout': 0.2}",64.64050650596619,True,0.4507,0.3048,0.2948,0.2575
171,tcn,pneumatic_screwdriver,"{'batch_size': 64, 'epochs': 50, 'learning_rate': 0.001, 'data_ratio': 1, 'semi_supervised': {'active': True, 'strategy': 'contrastive', 'labelled_ratio': 0.25, 'temperature': 0.5}, 'data_balancing': ['weighted_sampling'], 'l1_lambda': 0.1, 'gradient_clip': 0.5, 'model_params': {'tcn': {'num_channels': [64, 128, 64], 'kernel_size': 5, 'dropout': 0.3}, 'lstm': {'hidden_size': 32, 'num_layers': 1, 'dropout': 0.1}}}","{'num_channels': [64, 64, 64], 'kernel_size': 3, 'dropout': 0.2}",55.63344144821167,True,0.4225,0.2862,0.3119,0.2572
175,tcn,pneumatic_screwdriver,"{'batch_size': 32, 'epochs': 75, 'learning_rate': 0.0005, 'data_ratio': 1, 'semi_supervised': {'active': True, 'strategy': 'contrastive', 'labelled_ratio': 0.25, 'temperature': 0.5}, 'data_balancing': ['oversample', 'augment'], 'l1_lambda': 0.1, 'gradient_clip': 0.5, 'model_params': {'tcn': {'num_channels': [64, 128, 64], 'kernel_size': 5, 'dropout': 0.3}, 'lstm': {'hidden_size': 32, 'num_layers': 1, 'dropout': 0.1}}}","{'num_channels': [32, 64, 128], 'kernel_size': 4, 'dropout': 0.3}",99.3530855178833,True,0.4577,0.4868,0.4539,0.3978
177,tcn,pneumatic_screwdriver,"{'batch_size': 64, 'epochs': 50, 'learning_rate': 0.001, 'data_ratio': 1, 'semi_supervised': {'active': True, 'strategy': 'contrastive', 'labelled_ratio': 0.25, 'temperature': 0.5}, 'data_balancing': ['focal_loss', 'weighted_sampling'], 'l1_lambda': 0.1, 'gradient_clip': 0.5, 'model_params': {'tcn': {'num_channels': [64, 128, 64], 'kernel_size': 5, 'dropout': 0.3}, 'lstm': {'hidden_size': 32, 'num_layers': 1, 'dropout': 0.1}}}","{'num_channels': [128, 64, 32], 'kernel_size': 3, 'dropout': 0.2}",55.30172419548035,True,0.0634,0.0633,0.181,0.065
178,tcn,pneumatic_screwdriver,"{'batch_size': 32, 'epochs': 75, 'learning_rate': 0.0005, 'data_ratio': 1, 'semi_supervised': {'active': True, 'strategy': 'contrastive', 'labelled_ratio': 0.25, 'temperature': 0.5}, 'data_balancing': ['oversample', 'augment'], 'l1_lambda': 0.1, 'gradient_clip': 0.5, 'model_params': {'tcn': {'num_channels': [64, 128, 64], 'kernel_size': 5, 'dropout': 0.3}, 'lstm': {'hidden_size': 32, 'num_layers': 1, 'dropout': 0.1}}}","{'num_channels': [128, 64, 32], 'kernel_size': 3, 'dropout': 0.2}",103.59994792938232,True,0.507,0.4684,0.5214,0.4414
179,tcn,pneumatic_screwdriver,"{'batch_size': 128, 'epochs': 30, 'learning_rate': 0.002, 'data_ratio': 1, 'semi_supervised': {'active': True, 'strategy': 'contrastive', 'labelled_ratio': 0.25, 'temperature': 0.5}, 'data_balancing': ['oversample', 'augment'], 'l1_lambda': 0.1, 'gradient_clip': 0.5, 'model_params': {'tcn': {'num_channels': [64, 128, 64], 'kernel_size': 5, 'dropout': 0.3}, 'lstm': {'hidden_size': 32, 'num_layers': 1, 'dropout': 0.1}}}","{'num_channels': [128, 64, 32], 'kernel_size': 3, 'dropout': 0.2}",69.74612307548523,True,0.493,0.4239,0.3418,0.3009
